timestamp,goniometer,recording_flag
1746763993.0717995,0.0,0
1746763993.0771065,-68262.0,0
1746763993.0837576,52527.0,0
1746763993.0957623,16114.0,0
1746763993.1034908,12062.0,0
1746763993.1133432,85480.0,0
1746763993.1238904,-154855.0,0
1746763993.1337986,-32375.0,0
1746763993.1446714,98795.0,0
1746763993.155411,-136340.0,0
1746763993.1646743,88228.0,0
1746763993.1734927,-55430.0,0
1746763993.1845603,-96445.0,0
1746763993.1936123,4496.0,0
1746763993.209697,-13723.0,0
1746763993.2139077,90252.0,0
1746763993.2240667,-153585.0,0
1746763993.2352688,80274.0,0
1746763993.2496164,26902.0,0
1746763993.2533784,98127.0,0
1746763993.2637875,-9831.0,0
1746763993.2734404,-152777.0,0
1746763993.2835684,-44009.0,0
1746763993.2929595,-4110.0,0
1746763993.3032432,37487.0,0
1746763993.3135815,74320.0,0
1746763993.3246233,34164.0,0
1746763993.3339748,-124212.0,0
1746763993.3435736,-91284.0,0
1746763993.3539605,71432.0,0
1746763993.3648767,-80757.0,0
1746763993.3737173,-131097.0,0
1746763993.3838782,29635.0,0
1746763993.3942764,75179.0,0
1746763993.4028537,-153602.0,0
1746763993.4133701,-133929.0,0
1746763993.4232562,-99398.0,0
1746763993.4331152,-59199.0,0
1746763993.4437175,-19640.0,0
1746763993.4534614,22133.0,0
1746763993.463194,80231.0,0
1746763993.4730475,47722.0,0
1746763993.4835236,11259.0,0
1746763993.495449,-143463.0,0
1746763993.5035725,-67043.0,0
1746763993.5131352,88069.0,0
1746763993.5239224,98564.0,0
1746763993.532898,-140755.0,0
1746763993.5428507,-70859.0,0
1746763993.5531745,85895.0,0
1746763993.5631711,18261.0,0
1746763993.5739121,-18264.0,0
1746763993.5832305,-74587.0,0
1746763993.5934122,83647.0,0
1746763993.6030512,-98776.0,0
1746763993.6141267,-134875.0,0
1746763993.6233392,47246.0,0
1746763993.6334536,-53925.0,0
1746763993.6432714,-38212.0,0
1746763993.6542156,98230.0,0
1746763993.6630812,-120148.0,0
1746763993.6726525,42988.0,0
1746763993.6842525,-50335.0,0
1746763993.6937687,-41920.0,0
1746763993.7031155,28291.0,0
1746763993.7131102,-122984.0,0
1746763993.7226977,39058.0,0
1746763993.733244,-46493.0,0
1746763993.743146,-45976.0,0
1746763993.7540336,96858.0,0
1746763993.7630715,-126278.0,0
1746763993.7741973,35664.0,0
1746763993.7837842,-43281.0,0
1746763993.7957768,-49724.0,0
1746763993.803851,35403.0,0
1746763993.8140702,-123067.0,0
1746763993.8239264,31356.0,0
1746763993.8330767,-38683.0,0
1746763993.843197,-53750.0,0
1746763993.8535728,39167.0,0
1746763993.8630557,-132150.0,0
1746763993.874444,27832.0,0
1746763993.8840053,-34931.0,0
1746763993.8936949,-57174.0,0
1746763993.9059522,42377.0,0
1746763993.9134755,-135094.0,0
1746763993.9229596,97673.0,0
1746763993.933381,-31253.0,0
1746763993.9428535,-60932.0,0
1746763993.9534461,45839.0,0
1746763993.9631617,-137390.0,0
1746763993.97402,20152.0,0
1746763993.9829595,-27975.0,0
1746763993.9928944,-64852.0,0
1746763994.0035713,49373.0,0
1746763994.0131943,-140214.0,0
1746763994.0239127,15730.0,0
1746763994.0327148,-24331.0,0
1746763994.0433702,-68712.0,0
1746763994.0532598,52809.0,0
1746763994.0632489,-142316.0,0
1746763994.0738292,11626.0,0
1746763994.0833032,-139542.0,0
1746763994.0940897,-72502.0,0
1746763994.103494,55609.0,0
1746763994.1134992,-144580.0,0
1746763994.1238117,8266.0,0
1746763994.13297,-136722.0,0
1746763994.1426013,-75738.0,0
1746763994.1534026,59231.0,0
1746763994.1630747,-146316.0,0
1746763994.1740017,4078.0,0
1746763994.1832378,-133904.0,0
1746763994.1943285,-80222.0,0
1746763994.2035837,62343.0,0
1746763994.2134578,-148660.0,0
1746763994.2241638,-96.0,0
1746763994.2338724,-9841.0,0
1746763994.243089,-83914.0,0
1746763994.2527943,66089.0,0
1746763994.2634213,-150236.0,0
1746763994.273053,97103.0,0
1746763994.2836168,-127276.0,0
1746763994.2935538,-88066.0,0
1746763994.3040144,69161.0,0
1746763994.3140273,-83975.0,0
1746763994.3232205,96015.0,0
1746763994.3330941,-123808.0,0
1746763994.3439944,-91938.0,0
1746763994.3531759,72357.0,0
1746763994.3628957,-152998.0,0
1746763994.373366,94351.0,0
1746763994.3830824,-120620.0,0
1746763994.3934007,28633.0,0
1746763994.4038074,75627.0,0
1746763994.4132257,-153728.0,0
1746763994.4233603,93143.0,0
1746763994.433779,4637.0,0
1746763994.44401,-99566.0,0
1746763994.453214,77705.0,0
1746763994.4627879,-154350.0,0
1746763994.4731014,91799.0,0
1746763994.4832356,-113036.0,0
1746763994.4935918,20561.0,0
1746763994.5032344,81209.0,0
1746763994.5128515,-154734.0,0
1746763994.5228703,89567.0,0
1746763994.533281,-109062.0,0
1746763994.5429316,16295.0,0
1746763994.5529037,83433.0,0
1746763994.562698,-155054.0,0
1746763994.5735774,87345.0,0
1746763994.583562,-105344.0,0
1746763994.5938575,-111108.0,0
1746763994.6028547,85851.0,0
1746763994.6129296,-154962.0,0
1746763994.6238701,-32402.0,0
1746763994.6331756,-101220.0,0
1746763994.6438334,-114734.0,0
1746763994.6540675,88383.0,0
1746763994.663005,-154510.0,0
1746763994.6730053,82519.0,0
1746763994.6830475,-96940.0,0
1746763994.6933937,3821.0,0
1746763994.7031057,-13444.0,0
1746763994.713182,-153986.0,0
1746763994.723015,79561.0,0
1746763994.7332668,-92804.0,0
1746763994.7440495,-121598.0,0
1746763994.7541285,91779.0,0
1746763994.7631,-152746.0,0
1746763994.7730105,76409.0,0
1746763994.783724,-88504.0,0
1746763994.7936256,-4623.0,0
1746763994.8032188,-6202.0,0
1746763994.812736,-151938.0,0
1746763994.8229058,73803.0,0
1746763994.8334382,-84938.0,0
1746763994.8429482,-7937.0,0
1746763994.8540785,94949.0,0
1746763994.862972,-91807.0,0
1746763994.8728938,70645.0,0
1746763994.8831458,-80672.0,0
1746763994.893812,-11845.0,0
1746763994.9042323,96287.0,0
1746763994.9147422,-148962.0,0
1746763994.9228797,67491.0,0
1746763994.9329495,-76882.0,0
1746763994.9428468,-15813.0,0
1746763994.9539716,96815.0,0
1746763994.9628987,-99345.0,0
1746763994.9729629,64151.0,0
1746763994.9835236,-72952.0,0
1746763994.9929512,-19733.0,0
1746763995.0028071,-113611.0,0
1746763995.0129807,-103047.0,0
1746763995.0229633,60485.0,0
1746763995.032909,-68912.0,0
1746763995.042878,-23673.0,0
1746763995.0540032,98077.0,0
1746763995.0630426,-106059.0,0
1746763995.072682,57739.0,0
1746763995.083283,-65398.0,0
1746763995.093768,-27157.0,0
1746763995.103149,14498.0,0
1746763995.1129727,-109627.0,0
1746763995.1228151,54031.0,0
1746763995.1327534,-61280.0,0
1746763995.1432314,-30933.0,0
1746763995.1534476,18172.0,0
1746763995.1630037,-113141.0,0
1746763995.1745365,50631.0,0
1746763995.1859355,-154859.0,0
1746763995.1952348,83480.0,0
1746763995.2039182,-145552.0,0
1746763995.214161,98693.0,0
1746763995.22371,-14859.0,0
1746763995.2338748,-78566.0,0
1746763995.2438185,80840.0,0
1746763995.2539356,25344.0,0
1746763995.2635756,-120657.0,0
1746763995.2731476,-11379.0,0
1746763995.2840142,-82522.0,0
1746763995.2937675,64319.0,0
1746763995.3032105,-90443.0,0
1746763995.3131154,-123719.0,0
1746763995.323086,38871.0,0
1746763995.333115,-45792.0,0
1746763995.3426917,-46127.0,0
1746763995.3529723,32150.0,0
1746763995.3632274,-126493.0,0
1746763995.3741505,35185.0,0
1746763995.3836539,-42214.0,0
1746763995.395305,-49911.0,0
1746763995.4050775,95315.0,0
1746763995.4128647,-129991.0,0
1746763995.4239407,30985.0,0
1746763995.4340248,-38624.0,0
1746763995.4429445,-53737.0,0
1746763995.4541228,94139.0,0
1746763995.4630795,-132357.0,0
1746763995.473945,27695.0,0
1746763995.4833372,-148365.0,0
1746763995.4935017,-57187.0,0
1746763995.5032456,41984.0,0
1746763995.5130885,-135859.0,0
1746763995.5230763,97548.0,0
1746763995.5341337,-31088.0,0
1746763995.5429547,-61131.0,0
1746763995.5534372,45718.0,0
1746763995.562946,-137503.0,0
1746763995.5738287,19659.0,0
1746763995.5832124,-144151.0,0
1746763995.5956576,-64925.0,0
1746763995.6037104,48948.0,0
1746763995.6129503,-140109.0,0
1746763995.623137,98378.0,0
1746763995.6341932,-24244.0,0
1746763995.6428287,-68849.0,0
1746763995.6527798,52302.0,0
1746763995.6630538,-142919.0,0
1746763995.6729898,98494.0,0
1746763995.683447,-139001.0,0
1746763995.693558,51862.0,0
1746763995.7034292,56096.0,0
1746763995.7135022,-145299.0,0
1746763995.7230194,98570.0,0
1746763995.734209,-17246.0,0
1746763995.7440479,-75735.0,0
1746763995.752785,58862.0,0
1746763995.7629578,-146729.0,0
1746763995.7739651,3929.0,0
1746763995.7829652,-134349.0,0
1746763995.7933764,44778.0,0
1746763995.8037555,62650.0,0
1746763995.8130002,-148683.0,0
1746763995.8235037,97730.0,0
1746763995.8338816,-10488.0,0
1746763995.843884,-83851.0,0
1746763995.8531709,65308.0,0
1746763995.8628721,-150537.0,0
1746763995.8740442,-4211.0,0
1746763995.8840127,-6590.0,0
1746763995.8934574,37288.0,0
1746763995.9042435,68644.0,0
1746763995.9130664,-151887.0,0
1746763995.923148,95800.0,0
1746763995.934054,-2576.0,0
1746763995.9440043,-91679.0,0
1746763995.9531987,71832.0,0
1746763995.9629261,-152997.0,0
1746763995.9733179,94466.0,0
1746763995.9830441,-120889.0,0
1746763995.9934037,29174.0,0
1746763996.0032349,-36691.0,0
1746763996.013083,-153703.0,0
1746763996.0228329,93374.0,0
1746763996.0337899,-117511.0,0
1746763996.0428793,24916.0,0
1746763996.0542746,77622.0,0
1746763996.0628695,-154417.0,0
1746763996.07262,91584.0,0
1746763996.0842366,-113941.0,0
1746763996.0972967,-102473.0,0
1746763996.1031876,79796.0,0
1746763996.113328,-155079.0,0
1746763996.1230454,90178.0,0
1746763996.1332474,-110865.0,0
1746763996.1438537,-106493.0,0
1746763996.1541061,82684.0,0
1746763996.1633625,-154723.0,0
1746763996.1729903,88098.0,0
1746763996.1832821,-106693.0,0
1746763996.1935735,13088.0,0
1746763996.2027283,84924.0,0
1746763996.2128396,-154925.0,0
1746763996.2230713,85410.0,0
1746763996.2332292,-102407.0,0
1746763996.2430184,10020.0,0
1746763996.2540183,87710.0,0
1746763996.2629194,-74824.0,0
1746763996.2730045,82892.0,0
1746763996.2835364,-98413.0,0
1746763996.2937999,4600.0,0
1746763996.3044567,89060.0,0
1746763996.313602,-79560.0,0
1746763996.324567,80430.0,0
1746763996.3328817,-93691.0,0
1746763996.3429763,700.0,0
1746763996.3533366,-10637.0,0
1746763996.3631601,-83254.0,0
1746763996.372954,77618.0,0
1746763996.3827934,-90277.0,0
1746763996.3938506,-3622.0,0
1746763996.4042783,93050.0,0
1746763996.41492,-152173.0,0
1746763996.4230373,74658.0,0
1746763996.4328923,-85953.0,0
1746763996.4433603,-7596.0,0
1746763996.4540353,94626.0,0
1746763996.4639435,-150407.0,0
1746763996.4728832,71216.0,0
1746763996.48394,-81921.0,0
1746763996.4941888,-12140.0,0
1746763996.5035176,245.0,0
1746763996.512978,-95434.0,0
1746763996.5238085,67840.0,0
1746763996.5326486,-77297.0,0
1746763996.5428438,-15210.0,0
1746763996.5532465,3693.0,0
1746763996.5639992,-147611.0,0
1746763996.5739362,64458.0,0
1746763996.5838616,-73239.0,0
1746763996.5928538,-19912.0,0
1746763996.6036475,7529.0,0
1746763996.61307,-103138.0,0
1746763996.6239955,60976.0,0
1746763996.6331584,-69279.0,0
1746763996.6428878,-23742.0,0
1746763996.6532326,11041.0,0
1746763996.6648426,-143113.0,0
1746763996.6740596,57394.0,0
1746763996.6834736,-65361.0,0
1746763996.6932034,-27396.0,0
1746763996.7048032,14525.0,0
1746763996.7139676,12947.0,0
1746763996.7243977,-22378.0,0
1746763996.73285,-155154.0,0
1746763996.7429516,-30978.0,0
1746763996.7533708,18225.0,0
1746763996.7630832,-113500.0,0
1746763996.7738538,50072.0,0
1746763996.7831037,-154678.0,0
1746763996.7932804,-35098.0,0
1746763996.8039386,98212.0,0
1746763996.8133605,-117028.0,0
1746763996.823859,46266.0,0
1746763996.834232,-53485.0,0
1746763996.842918,-38722.0,0
1746763996.8533359,24907.0,0
1746763996.863246,-120880.0,0
1746763996.874041,43006.0,0
1746763996.8835413,-153840.0,0
1746763996.8930726,-42810.0,0
1746763996.9029086,28261.0,0
1746763996.9132,-124326.0,0
1746763996.9246428,38798.0,0
1746763996.9328828,-152462.0,0
1746763996.9427161,-46328.0,0
1746763996.953083,31757.0,0
1746763996.963267,-126862.0,0
1746763996.97305,94095.0,0
1746763996.9832625,-151004.0,0
1746763996.9931722,-49948.0,0
1746763997.0037136,35569.0,0
1746763997.01343,-129614.0,0
1746763997.0239596,31060.0,0
1746763997.0328798,-150162.0,0
1746763997.0427718,-53988.0,0
1746763997.0535753,38893.0,0
1746763997.0629222,-132614.0,0
1746763997.0731125,96371.0,0
1746763997.0831645,-148096.0,0
1746763997.0948932,-57872.0,0
1746763997.1028283,42417.0,0
1746763997.1133897,-135506.0,0
1746763997.1231084,97023.0,0
1746763997.1333284,-146196.0,0
1746763997.1429007,62601.0,0
1746763997.1529963,45915.0,0
1746763997.162872,-137952.0,0
1746763997.1729825,98469.0,0
1746763997.1837218,-144624.0,0
1746763997.1934047,59155.0,0
1746763997.2025232,49651.0,0
1746763997.2128513,-141160.0,0
1746763997.2233295,98373.0,0
1746763997.234127,-24317.0,0
1746763997.2432685,56021.0,0
1746763997.2532513,52885.0,0
1746763997.2626128,-143282.0,0
1746763997.272989,98289.0,0
1746763997.2833385,-139318.0,0
1746763997.293286,51363.0,0
1746763997.3046014,56311.0,0
1746763997.313422,-145524.0,0
1746763997.3231525,97853.0,0
1746763997.33301,-136432.0,0
1746763997.3438604,-77214.0,0
1746763997.3542848,59835.0,0
1746763997.3633063,-147502.0,0
1746763997.3729603,97723.0,0
1746763997.3832474,-133912.0,0
1746763997.3949049,-81494.0,0
1746763997.402991,-50610.0,0
1746763997.4129865,-149094.0,0
1746763997.4229956,97849.0,0
1746763997.433473,-130268.0,0
1746763997.443763,-85320.0,0
1746763997.4533083,-47284.0,0
1746763997.462962,-150666.0,0
1746763997.472871,96629.0,0
1746763997.4835815,-126970.0,0
1746763997.4948144,-89538.0,0
1746763997.5029683,-43298.0,0
1746763997.512597,-152416.0,0
1746763997.5227172,95441.0,0
1746763997.5339553,-1441.0,0
1746763997.5430708,31579.0,0
1746763997.554387,72799.0,0
1746763997.5631123,-153164.0,0
1746763997.573096,94315.0,0
1746763997.58438,1681.0,0
1746763997.595616,26851.0,0
1746763997.6035926,-34976.0,0
1746763997.6139119,-154816.0,0
1746763997.6231053,92813.0,0
1746763997.6328044,-115792.0,0
1746763997.6433496,23163.0,0
1746763997.6562898,78447.0,0
1746763997.6628687,-61669.0,0
1746763997.6726727,90939.0,0
1746763997.6832821,-112166.0,0
1746763997.6935818,18923.0,0
1746763997.7043347,81451.0,0
1746763997.7131517,-65993.0,0
1746763997.722945,88757.0,0
1746763997.733431,-108738.0,0
1746763997.7432218,14807.0,0
1746763997.753182,-23978.0,0
1746763997.7639828,-154912.0,0
1746763997.7731168,86207.0,0
1746763997.7837307,-104148.0,0
1746763997.7942297,10939.0,0
1746763997.8046753,86019.0,0
1746763997.8140616,-154894.0,0
1746763997.8229282,83883.0,0
1746763997.833279,-99908.0,0
1746763997.843341,6483.0,0
1746763997.8533156,-16184.0,0
1746763997.8628852,-77649.0,0
1746763997.8738792,81261.0,0
1746763997.883605,-95850.0,0
1746763997.893635,2395.0,0
1746763997.904638,90523.0,0
1746763997.9141145,-153454.0,0
1746763997.9238586,78039.0,0
1746763997.9328253,-91162.0,0
1746763997.9433303,-1733.0,0
1746763997.9528003,-8542.0,0
1746763997.963044,-86247.0,0
1746763997.9739287,75697.0,0
1746763997.9833286,-87454.0,0
1746763997.9933617,-6383.0,0
1746763998.00332,-4986.0,0
1746763998.0139039,-151128.0,0
1746763998.022962,70162.0,0
1746763998.0326731,-82802.0,0
1746763998.0430152,-10847.0,0
1746763998.053573,-1166.0,0
1746763998.0628777,-93501.0,0
1746763998.0739076,68731.0,0
1746763998.0827355,-78960.0,0
1746763998.0931199,-14271.0,0
1746763998.1031346,2600.0,0
1746763998.113122,-97589.0,0
1746763998.1238825,65509.0,0
1746763998.1328914,-74616.0,0
1746763998.142938,-18231.0,0
1746763998.1531923,6170.0,0
1746763998.1631987,-101673.0,0
1746763998.1739595,61979.0,0
1746763998.1833065,-154955.0,0
1746763998.1933784,-22235.0,0
1746763998.20292,10130.0,0
1746763998.2131822,-105707.0,0
1746763998.223927,58465.0,0
1746763998.2329247,-155435.0,0
1746763998.2434578,-26049.0,0
1746763998.2532594,13464.0,0
1746763998.2628798,-109457.0,0
1746763998.27379,54701.0,0
1746763998.2830927,-155361.0,0
1746763998.293275,-30631.0,0
1746763998.3041527,17598.0,0
1746763998.313241,-113387.0,0
1746763998.323959,50469.0,0
1746763998.3331037,-154857.0,0
1746763998.3430896,-34515.0,0
1746763998.352853,21446.0,0
1746763998.3635538,-116857.0,0
1746763998.373181,88934.0,0
1746763998.3834357,-154211.0,0
1746763998.3934417,-38495.0,0
1746763998.4039836,24826.0,0
1746763998.4132183,-120665.0,0
1746763998.4232988,90398.0,0
1746763998.4329846,-153275.0,0
1746763998.4439912,-42943.0,0
1746763998.4528835,28918.0,0
1746763998.4632597,-123963.0,0
1746763998.473,92438.0,0
1746763998.483151,-152037.0,0
1746763998.4934688,75126.0,0
1746763998.5036771,32338.0,0
1746763998.5133178,-127415.0,0
1746763998.5231009,94226.0,0
1746763998.53292,-151071.0,0
1746763998.5437632,-50595.0,0
1746763998.5534256,36432.0,0
1746763998.5629811,-130435.0,0
1746763998.5728962,95414.0,0
1746763998.5829976,-149515.0,0
1746763998.5932083,68090.0,0
1746763998.6032143,39790.0,0
1746763998.612962,-133657.0,0
1746763998.6229577,96726.0,0
1746763998.6333072,-147663.0,0
1746763998.643002,65424.0,0
1746763998.6528285,43230.0,0
1746763998.6628897,-136083.0,0
1746763998.6730921,97376.0,0
1746763998.684197,-145541.0,0
1746763998.6934123,60556.0,0
1746763998.7030904,-69805.0,0
1746763998.7126462,-139299.0,0
1746763998.7228749,97748.0,0
1746763998.7327876,-143735.0,0
1746763998.7439742,-67951.0,0
1746763998.7542713,50740.0,0
1746763998.7626626,-141265.0,0
1746763998.772637,98252.0,0
1746763998.7833762,-140749.0,0
1746763998.7947552,53622.0,0
1746763998.8038,54316.0,0
1746763998.8127964,-144333.0,0
1746763998.8229246,98278.0,0
1746763998.8334508,-138189.0,0
1746763998.8439033,-75731.0,0
1746763998.8534238,-57575.0,0
1746763998.8631213,-146115.0,0
1746763998.8729768,98082.0,0
1746763998.8832965,-134963.0,0
1746763998.8934371,46062.0,0
1746763998.9038873,-53555.0,0
1746763998.9130795,-148197.0,0
1746763998.9226036,97446.0,0
1746763998.932922,-131675.0,0
1746763998.943066,41656.0,0
1746763998.954088,64754.0,0
1746763998.9630008,-43992.0,0
1746763998.9728546,97074.0,0
1746763998.9831991,-128365.0,0
1746763998.9934258,37444.0,0
1746763999.0032315,68286.0,0
1746763999.0146585,-151761.0,0
1746763999.0231507,95830.0,0
1746763999.032861,-125043.0,0
1746763999.0429506,33040.0,0
1746763999.0540535,71462.0,0
1746763999.0639787,-152781.0,0
1746763999.0731146,95134.0,0
1746763999.0840638,-121537.0,0
1746763999.0940664,28948.0,0
1746763999.104282,74348.0,0
1746763999.114069,-154117.0,0
1746763999.1229813,93300.0,0
1746763999.1333992,-117773.0,0
1746763999.1433363,25062.0,0
1746763999.154,77320.0,0
1746763999.1633668,-59980.0,0
1746763999.1726003,91378.0,0
1746763999.1837668,-114261.0,0
1746763999.1937516,20950.0,0
1746763999.2032523,-29707.0,0
1746763999.214058,-155121.0,0
1746763999.2230916,89798.0,0
1746763999.2328384,-110711.0,0
1746763999.2429576,16492.0,0
1746763999.2532847,-26003.0,0
1746763999.2639887,-155281.0,0
1746763999.2739322,87960.0,0
1746763999.2841809,-106639.0,0
1746763999.2957141,-110731.0,0
1746763999.303263,-22069.0,0
1746763999.3128822,-71568.0,0
1746763999.3239598,85010.0,0
1746763999.3328624,-102007.0,0
1746763999.343032,8472.0,0
1746763999.3534462,-18681.0,0
1746763999.3629346,-75764.0,0
1746763999.3738525,82800.0,0
1746763999.383474,-98281.0,0
1746763999.393924,4052.0,0
1746763999.404057,-14391.0,0
1746763999.4139113,-153951.0,0
1746763999.4230633,61633.0,0
1746763999.43273,-93729.0,0
1746763999.442889,104.0,0
1746763999.4531605,-10501.0,0
1746763999.4628823,-84116.0,0
1746763999.473974,76830.0,0
1746763999.4834497,-89281.0,0
1746763999.4932353,97173.0,0
1746763999.5027864,-6917.0,0
1746763999.5132697,-87944.0,0
1746763999.5233958,68565.0,0
1746763999.534016,-85691.0,0
1746763999.542732,-8254.0,0
1746763999.553317,-3303.0,0
1746763999.5633526,-91920.0,0
1746763999.5731022,71333.0,0
1746763999.5831866,-153056.0,0
1746763999.5944183,-12312.0,0
1746763999.60469,95828.0,0
1746763999.6131177,-95788.0,0
1746763999.6238663,67540.0,0
1746763999.6329377,-153994.0,0
1746763999.6432533,-16344.0,0
1746763999.6527772,4295.0,0
1746763999.6632266,-99506.0,0
1746763999.6738508,64086.0,0
1746763999.6833162,-154664.0,0
1746763999.6937692,-20110.0,0
1746763999.702577,7723.0,0
1746763999.713271,-103626.0,0
1746763999.7238727,60060.0,0
1746763999.732934,-155130.0,0
1746763999.7428803,-24482.0,0
1746763999.7531326,11721.0,0
1746763999.7629278,-107826.0,0
1746763999.773236,83069.0,0
1746763999.784489,-64725.0,0
1746763999.7934766,87573.0,0
1746763999.8028889,15353.0,0
1746763999.8129644,-111476.0,0
1746763999.8232083,85349.0,0
1746763999.8339126,-60343.0,0
1746763999.843077,84651.0,0
1746763999.8535638,19441.0,0
1746763999.8626204,-115214.0,0
1746763999.873292,87747.0,0
1746763999.8829517,-154874.0,0
1746763999.8949409,-36696.0,0
1746763999.9037087,23065.0,0
1746763999.9131896,-119046.0,0
1746763999.9230883,89789.0,0
1746763999.9338408,-51849.0,0
1746763999.9429767,79217.0,0
1746763999.9531684,26889.0,0
1746763999.963164,-122402.0,0
1746763999.973233,91883.0,0
1746763999.9842873,-47473.0,0
1746763999.9933183,76433.0,0
1746764000.003141,30395.0,0
1746764000.013421,-126410.0,0
1746764000.0230024,93635.0,0
1746764000.032899,-151990.0,0
1746764000.0438745,-49438.0,0
1746764000.0542865,34415.0,0
1746764000.0629885,-129290.0,0
1746764000.0729368,95055.0,0
1746764000.0832398,-150734.0,0
1746764000.0953155,-53680.0,0
1746764000.103737,-79584.0,0
1746764000.112954,-132392.0,0
1746764000.122985,95901.0,0
1746764000.1331527,-148552.0,0
1746764000.1430156,65813.0,0
1746764000.1543648,42145.0,0
1746764000.163774,-135210.0,0
1746764000.1729488,96865.0,0
1746764000.1829567,-146830.0,0
1746764000.1937718,62423.0,0
1746764000.204484,45413.0,0
1746764000.2133389,-138624.0,0
1746764000.2234206,97299.0,0
1746764000.2332506,-144222.0,0
1746764000.243823,-65758.0,0
1746764000.2543418,49283.0,0
1746764000.2631056,-140902.0,0
1746764000.27353,97765.0,0
1746764000.2837875,-141698.0,0
1746764000.2937438,54765.0,0
1746764000.3042862,52795.0,0
1746764000.312749,-143618.0,0
1746764000.3226523,98247.0,0
1746764000.3329375,-138988.0,0
1746764000.342932,51227.0,0
1746764000.354028,56381.0,0
1746764000.3629646,-34361.0,0
1746764000.3728309,98121.0,0
1746764000.3834858,-136074.0,0
1746764000.3935354,47007.0,0
1746764000.4043744,59643.0,0
1746764000.4139876,-148232.0,0
1746764000.4231281,97751.0,0
1746764000.432829,-133424.0,0
1746764000.442915,42975.0,0
1746764000.453858,63027.0,0
1746764000.4639137,-149202.0,0
1746764000.4729486,96817.0,0
1746764000.4834385,-130496.0,0
1746764000.4934123,39597.0,0
1746764000.5038903,66409.0,0
1746764000.5140922,-151142.0,0
1746764000.5232692,96415.0,0
1746764000.5328965,-127100.0,0
1746764000.5430431,35069.0,0
1746764000.5529838,-43332.0,0
1746764000.5633974,-49937.0,0
1746764000.5724797,95049.0,0
1746764000.583849,-123440.0,0
1746764000.5939267,30195.0,0
1746764000.6042554,72899.0,0
1746764000.6129582,-54069.0,0
1746764000.6239376,93455.0,0
1746764000.6326551,-119170.0,0
1746764000.6437795,-97474.0,0
1746764000.6533928,-35052.0,0
1746764000.66341,-57963.0,0
1746764000.6740506,91939.0,0
1746764000.6833034,-115620.0,0
1746764000.69321,22163.0,0
1746764000.7043571,-30670.0,0
1746764000.7126594,-154856.0,0
1746764000.72392,90357.0,0
1746764000.7332284,-111274.0,0
1746764000.7427678,17893.0,0
1746764000.7534544,-27050.0,0
1746764000.7639759,-155514.0,0
1746764000.773057,49946.0,0
1746764000.7834306,-107330.0,0
1746764000.7928162,13599.0,0
1746764000.8033466,-23090.0,0
1746764000.8138793,-155506.0,0
1746764000.8230982,54062.0,0
1746764000.8329942,-103112.0,0
1746764000.842876,9001.0,0
1746764000.8528748,-19428.0,0
1746764000.8628743,-74613.0,0
1746764000.873771,83143.0,0
1746764000.8839521,-146275.0,0
1746764000.8929448,4983.0,0
1746764000.9027781,-15424.0,0
1746764000.9131992,-79251.0,0
1746764000.9229584,61188.0,0
1746764000.9339893,-94984.0,0
1746764000.942655,1161.0,0
1746764000.9541543,91153.0,0
1746764000.963322,-83569.0,0
1746764000.9730628,64474.0,0
1746764000.9832072,-150447.0,0
1746764000.9937496,-3395.0,0
1746764001.00332,-7914.0,0
1746764001.0129976,-87711.0,0
1746764001.02307,67528.0,0
1746764001.0329998,-152051.0,0
1746764001.0431135,-7467.0,0
1746764001.0529633,-4444.0,0
1746764001.0636365,-91849.0,0
1746764001.074119,71275.0,0
1746764001.083195,-153267.0,0
1746764001.092734,-11941.0,0
1746764001.102935,-224.0,0
1746764001.112959,-95363.0,0
1746764001.1229637,74084.0,0
1746764001.1337888,-78054.0,0
1746764001.1430628,-15933.0,0
1746764001.153328,3486.0,0
1746764001.1631224,-98997.0,0
1746764001.1729956,76436.0,0
1746764001.183161,-154719.0,0
1746764001.1940494,-19831.0,0
1746764001.2032454,7212.0,0
1746764001.2139766,-145506.0,0
1746764001.2230382,79926.0,0
1746764001.233923,-69104.0,0
1746764001.2430356,89300.0,0
1746764001.2536185,11106.0,0
1746764001.2630365,-107269.0,0
1746764001.2731378,82200.0,0
1746764001.2833543,-155211.0,0
1746764001.2934115,87236.0,0
1746764001.3035436,14936.0,0
1746764001.312917,-111359.0,0
1746764001.3229234,85176.0,0
1746764001.3339543,-61082.0,0
1746764001.342965,85156.0,0
1746764001.3531363,18598.0,0
1746764001.3626592,-114723.0,0
1746764001.373174,87212.0,0
1746764001.3833826,-154917.0,0
1746764001.3940117,-36449.0,0
1746764001.4026988,22596.0,0
1746764001.4126613,-118305.0,0
1746764001.423496,89480.0,0
1746764001.433153,-153967.0,0
1746764001.4439576,-40579.0,0
1746764001.4540784,26354.0,0
1746764001.4634593,-1038.0,0
1746764001.4740384,91392.0,0
1746764001.4830663,-153443.0,0
1746764001.4942813,-45527.0,0
1746764001.50621,-88975.0,0
1746764001.5131464,96483.0,0
1746764001.5251954,92862.0,0
1746764001.5331821,-152273.0,0
1746764001.5431063,73268.0,0
1746764001.553977,33934.0,0
1746764001.5628867,-128725.0,0
1746764001.5731397,94344.0,0
1746764001.5836828,-150457.0,0
1746764001.593004,69760.0,0
1746764001.6039236,37916.0,0
1746764001.6130803,-132707.0,0
1746764001.622679,95598.0,0
1746764001.6331778,-148859.0,0
1746764001.643066,66356.0,0
1746764001.6543891,41458.0,0
1746764001.662933,-135231.0,0
1746764001.672759,97170.0,0
1746764001.6836948,-147247.0,0
1746764001.6938088,62702.0,0
1746764001.7026968,45580.0,0
1746764001.7133157,-22378.0,0
1746764001.7232025,97396.0,0
1746764001.7330494,-144631.0,0
1746764001.7431042,58512.0,0
1746764001.7541592,49282.0,0
1746764001.7630448,-26404.0,0
1746764001.7726886,97642.0,0
1746764001.783483,-142059.0,0
1746764001.794065,55104.0,0
1746764001.8038447,-63137.0,0
1746764001.814023,-143819.0,0
1746764001.823186,97994.0,0
1746764001.8328395,-138833.0,0
1746764001.8430367,50504.0,0
1746764001.8540158,56834.0,0
1746764001.863042,-35114.0,0
1746764001.8729916,97932.0,0
1746764001.882772,-136171.0,0
1746764001.8953257,46074.0,0
1746764001.9029787,-54111.0,0
1746764001.9140527,-148323.0,0
1746764001.9226854,97160.0,0
1746764001.932791,-132603.0,0
1746764001.9433756,41748.0,0
1746764001.9528868,-49833.0,0
1746764001.962966,-43790.0,0
1746764001.973844,97172.0,0
1746764001.9836118,-129085.0,0
1746764001.9928586,36862.0,0
1746764002.0034,-45323.0,0
1746764002.0139892,-151961.0,0
1746764002.023898,95834.0,0
1746764002.0333898,-125371.0,0
1746764002.0430515,32546.0,0
1746764002.0528526,-40827.0,0
1746764002.0630522,-52226.0,0
1746764002.0739365,94586.0,0
1746764002.0837305,-121455.0,0
1746764002.0935204,28070.0,0
1746764002.1035507,-36737.0,0
1746764002.1140883,-154587.0,0
1746764002.1239953,92842.0,0
1746764002.1334684,-117407.0,0
1746764002.1432369,23490.0,0
1746764002.1535282,-32647.0,0
1746764002.1639323,-155109.0,0
1746764002.1731136,45381.0,0
1746764002.183243,-112735.0,0
1746764002.1935296,18850.0,0
1746764002.2037368,-28059.0,0
1746764002.2130795,-66280.0,0
1746764002.2238593,88444.0,0
1746764002.2328386,-108473.0,0
1746764002.243427,14248.0,0
1746764002.2533376,-23863.0,0
1746764002.263101,-70640.0,0
1746764002.2739105,85982.0,0
1746764002.2831624,-144308.0,0
1746764002.2946544,10200.0,0
1746764002.3032243,-19725.0,0
1746764002.313968,-155245.0,0
1746764002.3230615,57227.0,0
1746764002.333955,-99327.0,0
1746764002.3426888,5132.0,0
1746764002.3528376,-15813.0,0
1746764002.3629766,-79280.0,0
1746764002.3740118,80972.0,0
1746764002.3836405,-148210.0,0
1746764002.3932846,736.0,0
1746764002.403321,-11697.0,0
1746764002.4130058,-83222.0,0
1746764002.423888,76942.0,0
1746764002.433957,-90773.0,0
1746764002.4426634,-3220.0,0
1746764002.4539075,-7895.0,0
1746764002.4630861,-87602.0,0
1746764002.4729674,68021.0,0
1746764002.482995,-151528.0,0
1746764002.492677,-7910.0,0
1746764002.5032365,-3611.0,0
1746764002.5135288,-91892.0,0
1746764002.5230384,71221.0,0
1746764002.5330055,-153160.0,0
1746764002.5439758,-11964.0,0
1746764002.5528233,97.0,0
1746764002.563026,-96000.0,0
1746764002.5740733,66700.0,0
1746764002.5831118,-154178.0,0
1746764002.5935256,92617.0,0
1746764002.6033545,4051.0,0
1746764002.6133568,-100482.0,0
1746764002.6237328,62840.0,0
1746764002.6339755,-72419.0,0
1746764002.6430042,91031.0,0
1746764002.6533248,8743.0,0
1746764002.6628408,-104798.0,0
1746764002.6733727,80745.0,0
1746764002.6834216,-155440.0,0
1746764002.6938124,-26468.0,0
1746764002.7033255,12499.0,0
1746764002.7134137,-109470.0,0
1746764002.7234602,83653.0,0
1746764002.7336936,-155364.0,0
1746764002.7446623,86145.0,0
1746764002.7527041,17071.0,0
1746764002.7631078,-113238.0,0
1746764002.773511,86453.0,0
1746764002.7836783,-155190.0,0
1746764002.7935874,83191.0,0
1746764002.803071,-99550.0,0
1746764002.8129022,-117218.0,0
1746764002.8228989,88903.0,0
1746764002.8332677,-154784.0,0
1746764002.8430848,80123.0,0
1746764002.8540494,25381.0,0
1746764002.862775,-121278.0,0
1746764002.873072,90571.0,0
1746764002.882912,-153804.0,0
1746764002.8946254,76957.0,0
1746764002.9034395,-90022.0,0
1746764002.912754,-125336.0,0
1746764002.9232852,92753.0,0
1746764002.9334872,-152318.0,0
1746764002.9437447,-49286.0,0
1746764002.954023,33561.0,0
1746764002.9633138,-129180.0,0
1746764002.9731398,94433.0,0
1746764002.9846103,-150114.0,0
1746764002.9943676,69255.0,0
1746764003.0028543,-80004.0,0
1746764003.012838,-133060.0,0
1746764003.0229025,96171.0,0
1746764003.0334375,-148800.0,0
1746764003.0434134,65637.0,0
1746764003.0541244,42577.0,0
1746764003.0630884,-19141.0,0
1746764003.0732567,97239.0,0
1746764003.0836246,-146158.0,0
1746764003.093057,60635.0,0
1746764003.103929,46545.0,0
1746764003.1132612,-23887.0,0
1746764003.1229959,97303.0,0
1746764003.1326172,-143534.0,0
1746764003.145889,56971.0,0
1746764003.1534238,-65484.0,0
1746764003.1639378,-143134.0,0
1746764003.1731935,98125.0,0
1746764003.1838658,-140790.0,0
1746764003.1945665,52263.0,0
1746764003.2038922,55291.0,0
1746764003.2140312,-145444.0,0
1746764003.2229943,97801.0,0
1746764003.232844,-136576.0,0
1746764003.243022,47335.0,0
1746764003.253201,-55706.0,0
1746764003.2639906,-147516.0,0
1746764003.2728426,97735.0,0
1746764003.283776,-133714.0,0
1746764003.2935846,42893.0,0
1746764003.3036187,-50530.0,0
1746764003.3131948,-42637.0,0
1746764003.323831,96593.0,0
1746764003.3331106,-129866.0,0
1746764003.342824,38239.0,0
1746764003.3533146,-46744.0,0
1746764003.3628962,-47003.0,0
1746764003.3739312,95635.0,0
1746764003.383266,-125882.0,0
1746764003.3955314,33293.0,0
1746764003.4036114,-41654.0,0
1746764003.4143822,-153510.0,0
1746764003.4238718,94203.0,0
1746764003.4329395,-121738.0,0
1746764003.4426563,28845.0,0
1746764003.452939,-37022.0,0
1746764003.463893,-154310.0,0
1746764003.4742153,92241.0,0
1746764003.4832752,-116900.0,0
1746764003.4931319,23813.0,0
1746764003.5035975,-32806.0,0
1746764003.5132985,-61557.0,0
1746764003.5238621,90605.0,0
1746764003.5326548,-112802.0,0
1746764003.54267,18865.0,0
1746764003.5542037,80861.0,0
1746764003.563159,-65813.0,0
1746764003.574229,88509.0,0
1746764003.583006,-141207.0,0
1746764003.5963764,13757.0,0
1746764003.6029944,-23848.0,0
1746764003.6128628,-70697.0,0
1746764003.6239405,85859.0,0
1746764003.6330402,-144225.0,0
1746764003.6428547,9793.0,0
1746764003.65279,-20236.0,0
1746764003.662864,-74985.0,0
1746764003.6740084,83081.0,0
1746764003.6834047,-146275.0,0
1746764003.6937666,4627.0,0
1746764003.7031434,-15412.0,0
1746764003.7131662,-79619.0,0
1746764003.723779,80043.0,0
1746764003.7340126,-94550.0,0
1746764003.7430687,115.0,0
1746764003.7530906,-11234.0,0
1746764003.762873,-84263.0,0
1746764003.7728934,64910.0,0
1746764003.7835972,-150843.0,0
1746764003.7944129,-4345.0,0
1746764003.803318,-6828.0,0
1746764003.8132179,-89169.0,0
1746764003.8230164,68576.0,0
1746764003.8328736,-152045.0,0
1746764003.8430612,95442.0,0
1746764003.853409,-2562.0,0
1746764003.8629515,-93979.0,0
1746764003.8732731,72506.0,0
1746764003.8830154,-153593.0,0
1746764003.8932936,93738.0,0
1746764003.9057953,1794.0,0
1746764003.9129117,-97809.0,0
1746764003.92401,65137.0,0
1746764003.933966,-75198.0,0
1746764003.9440217,-19125.0,0
1746764003.9537146,6336.0,0
1746764003.9629927,-102521.0,0
1746764003.9731536,79336.0,0
1746764003.9834592,-155115.0,0
1746764003.9934402,89340.0,0
1746764004.003557,10390.0,0
1746764004.0131028,-106819.0,0
1746764004.023308,82022.0,0
1746764004.0339334,-65542.0,0
1746764004.0429306,87308.0,0
1746764004.052967,14842.0,0
1746764004.062854,-111395.0,0
1746764004.0731807,84798.0,0
1746764004.0834088,-155235.0,0
1746764004.094731,-33113.0,0
1746764004.1052446,18928.0,0
1746764004.1133766,-115803.0,0
1746764004.1238668,87582.0,0
1746764004.1339667,-56358.0,0
1746764004.1437726,-37585.0,0
1746764004.1542685,22924.0,0
1746764004.1635334,-119611.0,0
1746764004.1731615,89738.0,0
1746764004.183891,-154011.0,0
1746764004.1940322,-41661.0,0
1746764004.2030087,-92597.0,0
1746764004.2133882,-123187.0,0
1746764004.2231846,91408.0,0
1746764004.2337973,-153025.0,0
1746764004.2430441,75320.0,0
1746764004.2540362,31372.0,0
1746764004.2627342,-127089.0,0
1746764004.2726321,93230.0,0
1746764004.2844193,-151885.0,0
1746764004.2944045,-51089.0,0
1746764004.306963,35414.0,0
1746764004.317275,-11292.0,0
1746764004.3227763,-1305.0,0
1746764004.3329976,-149929.0,0
1746764004.343007,67910.0,0
1746764004.3541563,39660.0,0
1746764004.363005,-15638.0,0
1746764004.3735278,96116.0,0
1746764004.3835297,-148513.0,0
1746764004.3930721,64154.0,0
1746764004.4037757,43692.0,0
1746764004.4145708,-137087.0,0
1746764004.4255145,96996.0,0
1746764004.4328,-145697.0,0
1746764004.4430346,60006.0,0
1746764004.4540348,48042.0,0
1746764004.4630578,-25344.0,0
1746764004.4729614,97988.0,0
1746764004.4836802,-142575.0,0
1746764004.4935887,55400.0,0
1746764004.5034077,52030.0,0
1746764004.5129564,-29760.0,0
1746764004.523093,97914.0,0
1746764004.532785,-139565.0,0
1746764004.5432703,50974.0,0
1746764004.554368,55862.0,0
1746764004.5629191,-34590.0,0
1746764004.572957,97870.0,0
1746764004.5833478,-136851.0,0
1746764004.5937939,46096.0,0
1746764004.6043894,60236.0,0
1746764004.6139805,-148063.0,0
1746764004.623943,97422.0,0
1746764004.6330082,-133083.0,0
1746764004.6429598,41944.0,0
1746764004.6528609,-50391.0,0
1746764004.6630917,-43548.0,0
1746764004.673876,96364.0,0
1746764004.6831572,-129519.0,0
1746764004.6927176,37140.0,0
1746764004.7041364,-45555.0,0
1746764004.7139587,-151745.0,0
1746764004.722937,32727.0,0
1746764004.73286,-125311.0,0
1746764004.7433233,32662.0,0
1746764004.7539794,71086.0,0
1746764004.7630556,-52958.0,0
1746764004.7738783,94280.0,0
1746764004.783829,-120989.0,0
1746764004.7938647,27818.0,0
1746764004.8035784,-36731.0,0
1746764004.8139446,-154559.0,0
1746764004.8238885,92292.0,0
1746764004.833166,-116881.0,0
1746764004.8428066,22870.0,0
1746764004.8557315,78076.0,0
1746764004.8636618,-62438.0,0
1746764004.8738203,90468.0,0
1746764004.8832371,-139386.0,0
1746764004.892928,18176.0,0
1746764004.9029768,-27675.0,0
1746764004.9134355,-66962.0,0
1746764004.9229581,49837.0,0
1746764004.9338984,-107383.0,0
1746764004.94313,13404.0,0
1746764004.9529216,-23121.0,0
1746764004.9633224,-71590.0,0
1746764004.9729996,54227.0,0
1746764004.983122,-144998.0,0
1746764004.992991,8578.0,0
1746764005.0029452,-19149.0,0
1746764005.013689,-76516.0,0
1746764005.024258,82636.0,0
1746764005.0341265,-98105.0,0
1746764005.0429535,3162.0,0
1746764005.0533943,-14513.0,0
1746764005.0633454,-80530.0,0
1746764005.073875,78948.0,0
1746764005.083133,-149696.0,0
1746764005.0934885,-1250.0,0
1746764005.1037428,-10443.0,0
1746764005.1133056,-85834.0,0
1746764005.1230545,65809.0,0
1746764005.1339884,-88797.0,0
1746764005.1428041,-5994.0,0
1746764005.1531608,-5649.0,0
1746764005.163309,-90546.0,0
1746764005.1729572,69847.0,0
1746764005.1841333,-83965.0,0
1746764005.193838,-10734.0,0
1746764005.203083,-1143.0,0
1746764005.2132754,-95234.0,0
1746764005.2232974,73613.0,0
1746764005.233816,-78351.0,0
1746764005.2438848,-15886.0,0
1746764005.2531345,3213.0,0
1746764005.2629018,-100142.0,0
1746764005.273136,76891.0,0
1746764005.2834723,-155280.0,0
1746764005.2959206,-21138.0,0
1746764005.3027253,7857.0,0
1746764005.31293,-105040.0,0
1746764005.323045,80809.0,0
1746764005.3338075,-68175.0,0
1746764005.3439484,-26112.0,0
1746764005.352938,13021.0,0
1746764005.3634992,-109556.0,0
1746764005.3731909,83955.0,0
1746764005.383387,-155664.0,0
1746764005.3939369,-30944.0,0
1746764005.4036882,17017.0,0
1746764005.414058,-114120.0,0
1746764005.4236414,86135.0,0
1746764005.4329543,-155712.0,0
1746764005.443177,83027.0,0
1746764005.4539948,-98572.0,0
1746764005.4641287,4357.0,0
1746764005.472639,88905.0,0
1746764005.4836013,-154836.0,0
1746764005.4927607,79499.0,0
1746764005.5033891,-93944.0,0
1746764005.5135925,-122718.0,0
1746764005.522907,91203.0,0
1746764005.5328693,-153612.0,0
1746764005.5438254,-45954.0,0
1746764005.5529802,-88950.0,0
1746764005.5640492,-126508.0,0
1746764005.5750697,93583.0,0
1746764005.5835733,-152166.0,0
1746764005.5940425,-50710.0,0
1746764005.6040707,-83698.0,0
1746764005.6143653,-130590.0,0
1746764005.6229608,-1352.0,0
1746764005.6337986,-149674.0,0
1746764005.6438937,-55582.0,0
1746764005.6531656,-78474.0,0
1746764005.663022,-15727.0,0
1746764005.6736176,96047.0,0
1746764005.6834583,-148136.0,0
1746764005.6966784,63993.0,0
1746764005.7029612,-73304.0,0
1746764005.713962,-137958.0,0
1746764005.723395,97201.0,0
1746764005.7334852,-145496.0,0
1746764005.743143,59253.0,0
1746764005.7532828,-68542.0,0
1746764005.7644677,-141108.0,0
1746764005.7727015,97799.0,0
1746764005.7833958,-142224.0,0
1746764005.7932076,54895.0,0
1746764005.8046212,53173.0,0
1746764005.8132129,-30547.0,0
1746764005.8229055,97875.0,0
1746764005.8339992,-139374.0,0
1746764005.8430169,50043.0,0
1746764005.8541083,57303.0,0
1746764005.8635256,-35601.0,0
1746764005.8729763,97829.0,0
1746764005.883532,-135520.0,0
1746764005.8945343,45173.0,0
1746764005.9034379,-53438.0,0
1746764005.913094,-40915.0,0
1746764005.9233139,97359.0,0
1746764005.9329383,-132020.0,0
1746764005.9429562,40373.0,0
1746764005.954153,-48438.0,0
1746764005.9632194,-151130.0,0
1746764005.9739304,96367.0,0
1746764005.9838023,-127528.0,0
1746764005.9927096,35059.0,0
1746764006.0032904,-43836.0,0
1746764006.0129304,-50531.0,0
1746764006.0238345,95349.0,0
1746764006.0341501,-123790.0,0
1746764006.042855,30501.0,0
1746764006.0533938,-39096.0,0
1746764006.0639732,-154472.0,0
1746764006.07317,39342.0,0
1746764006.0832725,-118680.0,0
1746764006.0940611,25159.0,0
1746764006.103706,-34276.0,0
1746764006.1131535,-60517.0,0
1746764006.1230776,43708.0,0
1746764006.1332433,-114308.0,0
1746764006.1428688,19671.0,0
1746764006.1533675,-29416.0,0
1746764006.1633081,-65053.0,0
1746764006.1747746,89001.0,0
1746764006.1833825,-110216.0,0
1746764006.1938863,14831.0,0
1746764006.2047975,-24678.0,0
1746764006.212923,-70025.0,0
1746764006.2238548,86079.0,0
1746764006.233988,-104374.0,0
1746764006.2427356,9819.0,0
1746764006.2535193,-20646.0,0
1746764006.2631462,-74759.0,0
1746764006.2738943,83455.0,0
1746764006.2833285,-147467.0,0
1746764006.2932775,4599.0,0
1746764006.3030117,-15736.0,0
1746764006.3128796,-79627.0,0
1746764006.3230247,60982.0,0
1746764006.3339777,-94840.0,0
1746764006.3428073,-545.0,0
1746764006.352922,-11608.0,0
1746764006.362879,-84581.0,0
1746764006.3740304,76375.0,0
1746764006.3834584,-151127.0,0
1746764006.395052,-5155.0,0
1746764006.404029,-6742.0,0
1746764006.413149,-89629.0,0
1746764006.4233205,68776.0,0
1746764006.4342198,-84572.0,0
1746764006.4426935,-10365.0,0
1746764006.4533823,-1936.0,0
1746764006.463494,-94287.0,0
1746764006.4750304,68639.0,0
1746764006.4835918,-154213.0,0
1746764006.4950657,-15449.0,0
1746764006.5056348,-119389.0,0
1746764006.5136151,25620.0,0
1746764006.5231252,76748.0,0
1746764006.5349684,-73740.0,0
1746764006.5439112,-20249.0,0
1746764006.5536327,6772.0,0
1746764006.5628242,-103481.0,0
1746764006.57297,79806.0,0
1746764006.5836067,-155307.0,0
1746764006.5934188,-25371.0,0
1746764006.6028342,11584.0,0
1746764006.6136558,-108711.0,0
1746764006.6233134,82866.0,0
1746764006.63312,-156063.0,0
1746764006.6430001,86398.0,0
1746764006.6525328,15650.0,0
1746764006.663253,-112763.0,0
1746764006.6732945,85522.0,0
1746764006.6842291,-60018.0,0
1746764006.694959,-35237.0,0
1746764006.7072392,20442.0,0
1746764006.7155929,97957.0,0
1746764006.7260883,-117763.0,0
1746764006.7355487,-15709.0,0
1746764006.7449398,46381.0,0
1746764006.7562473,-54558.0,0
1746764006.7651856,60429.0,0
1746764006.7742753,-40217.0,0
1746764006.786863,-94899.0,0
1746764006.798828,97635.0,0
1746764006.806123,-121957.0,0
1746764006.8161366,-11305.0,0
1746764006.8246877,41389.0,0
1746764006.8370876,-49126.0,0
1746764006.8463564,-44957.0,0
1746764006.8552365,-89929.0,0
1746764006.865248,-5060.0,0
1746764006.8764994,-6759.0,0
1746764006.8888044,-89864.0,0
1746764006.895435,68653.0,0
1746764006.904304,-49683.0,0
1746764006.9148932,-85177.0,0
1746764006.9243271,-9870.0,0
1746764006.9364796,-2073.0,0
1746764006.9438915,-94174.0,0
1746764006.9537313,69156.0,0
1746764006.9638085,93595.0,0
1746764006.973973,1879.0,0
1746764006.9841926,-148631.0,0
1746764006.993603,-59379.0,0
1746764007.002896,-19606.0,0
1746764007.0131273,21329.0,0
1746764007.0231948,60296.0,0
1746764007.0335379,89517.0,0
1746764007.0439372,11015.0,0
1746764007.0542443,-26080.0,0
1746764007.063205,-156310.0,0
1746764007.0729105,-29638.0,0
1746764007.082895,11091.0,0
1746764007.0935714,85483.0,0
1746764007.103189,-59891.0,0
1746764007.1141222,-145669.0,0
1746764007.1230893,97774.0,0
1746764007.1328523,-137259.0,0
1746764007.143151,47198.0,0
1746764007.154121,59552.0,0
1746764007.1629264,-38820.0,0
1746764007.1726844,97684.0,0
1746764007.1842072,-133207.0,0
1746764007.1934729,41948.0,0
1746764007.2032216,-50607.0,0
1746764007.213049,-43634.0,0
1746764007.2233596,96596.0,0
1746764007.2329936,-129159.0,0
1746764007.2429748,37518.0,0
1746764007.2542992,67752.0,0
1746764007.2629938,-48488.0,0
1746764007.2725494,95324.0,0
1746764007.2840598,-125513.0,0
1746764007.2929654,31956.0,0
1746764007.3033652,-40863.0,0
1746764007.313433,-53160.0,0
1746764007.3231578,37539.0,0
1746764007.3331397,-121001.0,0
1746764007.3428721,26836.0,0
1746764007.3538632,-36017.0,0
1746764007.3629813,-58488.0,0
1746764007.373912,92038.0,0
1746764007.3839695,-116261.0,0
1746764007.39341,21922.0,0
1746764007.404475,-31225.0,0
1746764007.4140127,-155931.0,0
1746764007.42295,46169.0,0
1746764007.432862,-111645.0,0
1746764007.4426115,17518.0,0
1746764007.453225,-26831.0,0
1746764007.4639046,-155953.0,0
1746764007.472903,50585.0,0
1746764007.4846284,-106867.0,0
1746764007.4926243,11644.0,0
1746764007.503683,-140474.0,0
1746764007.5152097,52043.0,0
1746764007.5255592,-155769.0,0
1746764007.5334585,84748.0,0
1746764007.5431304,19132.0,0
1746764007.554063,-116651.0,0
1746764007.5632994,47313.0,0
1746764007.574084,-155439.0,0
1746764007.585272,80786.0,0
1746764007.5946493,-95869.0,0
1746764007.603495,1330.0,0
1746764007.6138341,90060.0,0
1746764007.6234725,-50344.0,0
1746764007.6353748,-151056.0,0
1746764007.6438062,-4070.0,0
1746764007.653053,-7647.0,0
1746764007.663435,-88164.0,0
1746764007.6740408,73340.0,0
1746764007.6835868,-152202.0,0
1746764007.6935468,-9134.0,0
1746764007.7032168,-3193.0,0
1746764007.7135215,-93034.0,0
1746764007.7239392,69076.0,0
1746764007.733247,-153862.0,0
1746764007.7436454,-14112.0,0
1746764007.7527504,1629.0,0
1746764007.7633607,-98402.0,0
1746764007.7740097,64750.0,0
1746764007.7834315,-154530.0,0
1746764007.7929575,-19688.0,0
1746764007.8032749,6387.0,0
1746764007.812824,-103358.0,0
1746764007.8229518,79041.0,0
1746764007.8337924,-70537.0,0
1746764007.8437126,-24470.0,0
1746764007.8529654,10747.0,0
1746764007.8631313,-107488.0,0
1746764007.8733034,82135.0,0
1746764007.882996,-155698.0,0
1746764007.893284,86819.0,0
1746764007.904376,15053.0,0
1746764007.9131136,-111946.0,0
1746764007.923272,84953.0,0
1746764007.9338398,-60489.0,0
1746764007.9438815,-33958.0,0
1746764007.9528553,19569.0,0
1746764007.9627743,-116746.0,0
1746764007.9731236,87737.0,0
1746764007.9836953,-155242.0,0
1746764007.9933324,80773.0,0
1746764008.0029795,24055.0,0
1746764008.013479,-121072.0,0
1746764008.0239434,90451.0,0
1746764008.0340328,-50723.0,0
1746764008.0429914,77049.0,0
1746764008.052751,28555.0,0
1746764008.0630329,-125122.0,0
1746764008.0732875,92469.0,0
1746764008.0837862,-152644.0,0
1746764008.0940177,-48634.0,0
1746764008.1039681,32809.0,0
1746764008.1133153,-8851.0,0
1746764008.122981,94491.0,0
1746764008.133352,-151276.0,0
1746764008.1437464,-53216.0,0
1746764008.153962,37579.0,0
1746764008.1636941,-132710.0,0
1746764008.172865,95607.0,0
1746764008.1837926,-149152.0,0
1746764008.1934128,65405.0,0
1746764008.204239,41721.0,0
1746764008.2133255,-136744.0,0
1746764008.2231815,96561.0,0
1746764008.2332923,-147168.0,0
1746764008.2439191,-63112.0,0
1746764008.2542005,46193.0,0
1746764008.2627294,-139880.0,0
1746764008.2726517,97601.0,0
1746764008.2838697,-144224.0,0
1746764008.2947862,56917.0,0
1746764008.3037124,50567.0,0
1746764008.3126452,-143210.0,0
1746764008.323337,97827.0,0
1746764008.333335,-140692.0,0
1746764008.3429034,52137.0,0
1746764008.3529863,-61184.0,0
1746764008.3630025,-33573.0,0
1746764008.3729944,97525.0,0
1746764008.3831213,-137370.0,0
1746764008.3938441,47007.0,0
1746764008.4034388,-55696.0,0
1746764008.41291,-38735.0,0
1746764008.4231727,97563.0,0
1746764008.4328876,-133958.0,0
1746764008.4431016,42437.0,0
1746764008.4529114,-50646.0,0
1746764008.4629102,-43727.0,0
1746764008.4729767,96613.0,0
1746764008.484287,-129622.0,0
1746764008.4949062,36933.0,0
1746764008.5029237,-46050.0,0
1746764008.5129533,-48087.0,0
1746764008.5226853,95411.0,0
1746764008.5329943,-125716.0,0
1746764008.543416,32239.0,0
1746764008.5540092,70919.0,0
1746764008.5652044,-153886.0,0
1746764008.5733423,94023.0,0
1746764008.5831935,-121108.0,0
1746764008.5938814,27729.0,0
1746764008.604295,-36452.0,0
1746764008.6133146,-58213.0,0
1746764008.6253114,91919.0,0
1746764008.6331272,-116482.0,0
1746764008.6429725,22289.0,0
1746764008.653252,-31792.0,0
1746764008.6630218,-62567.0,0
1746764008.6739047,89693.0,0
1746764008.6847157,-112166.0,0
1746764008.6947393,97660.0,0
1746764008.7057455,-107148.0,0
1746764008.7151475,57050.0,0
1746764008.723331,50302.0,0
1746764008.7330408,-106510.0,0
1746764008.7435365,12191.0,0
1746764008.7540326,-22082.0,0
1746764008.7633657,52302.0,0
1746764008.7734914,54792.0,0
1746764008.784382,-146293.0,0
1746764008.7948203,7041.0,0
1746764008.8033319,-17572.0,0
1746764008.8139508,-155234.0,0
1746764008.82304,58930.0,0
1746764008.8335664,-97426.0,0
1746764008.8428943,1709.0,0
1746764008.853507,-14004.0,0
1746764008.8632038,-82727.0,0
1746764008.874014,77713.0,0
1746764008.8834147,-92476.0,0
1746764008.8933024,-3717.0,0
1746764008.9031816,-129929.0,0
1746764008.9132574,-87491.0,0
1746764008.924227,74203.0,0
1746764008.9341857,-86744.0,0
1746764008.943,-8215.0,0
1746764008.9528427,-4748.0,0
1746764008.9632692,-92245.0,0
1746764008.9732432,71302.0,0
1746764008.9842346,-153621.0,0
1746764008.99448,-12987.0,0
1746764009.0029507,436.0,0
1746764009.013155,-97193.0,0
1746764009.0237923,66409.0,0
1746764009.034195,-76990.0,0
1746764009.0430188,-17813.0,0
1746764009.0529597,4608.0,0
1746764009.0633745,-101665.0,0
1746764009.0738757,62169.0,0
1746764009.083291,-155555.0,0
1746764009.0939987,-23041.0,0
1746764009.1035278,8864.0,0
1746764009.1135955,-105889.0,0
1746764009.1240962,57493.0,0
1746764009.1342146,-66492.0,0
1746764009.1428726,-27925.0,0
1746764009.152745,13716.0,0
1746764009.162963,-111229.0,0
1746764009.1729336,84362.0,0
1746764009.1834757,-155799.0,0
1746764009.1936548,84416.0,0
1746764009.2037919,18488.0,0
1746764009.2138953,-137726.0,0
1746764009.2230206,87316.0,0
1746764009.2340097,-56350.0,0
1746764009.243003,81620.0,0
1746764009.2531946,23174.0,0
1746764009.2628095,-119927.0,0
1746764009.27325,89770.0,0
1746764009.283141,-154261.0,0
1746764009.2932417,77488.0,0
1746764009.3028674,27890.0,0
1746764009.3128083,-124769.0,0
1746764009.3228462,92084.0,0
1746764009.3338354,-46114.0,0
1746764009.3439057,-48463.0,0
1746764009.3531084,32260.0,0
1746764009.3631885,-129013.0,0
1746764009.3736563,93842.0,0
1746764009.3831277,-151221.0,0
1746764009.3938541,-53309.0,0
1746764009.4026983,37312.0,0
1746764009.412939,-133229.0,0
1746764009.42312,95606.0,0
1746764009.4334304,-148997.0,0
1746764009.4430115,65644.0,0
1746764009.4528496,41668.0,0
1746764009.4627569,-136309.0,0
1746764009.4734046,96460.0,0
1746764009.483538,-146625.0,0
1746764009.4939985,-63083.0,0
1746764009.5031016,-70645.0,0
1746764009.5132167,-140365.0,0
1746764009.5228918,97230.0,0
1746764009.5337698,-144405.0,0
1746764009.5428815,56068.0,0
1746764009.5528474,-65993.0,0
1746764009.563405,-143185.0,0
1746764009.5728633,97712.0,0
1746764009.5832756,-140997.0,0
1746764009.5930636,51850.0,0
1746764009.602983,55154.0,0
1746764009.613291,-146011.0,0
1746764009.622735,97736.0,0
1746764009.6331353,-137831.0,0
1746764009.6437805,-78329.0,0
1746764009.653443,-55541.0,0
1746764009.6631632,-148319.0,0
1746764009.6726508,97380.0,0
1746764009.6839123,-133771.0,0
1746764009.6929924,41898.0,0
1746764009.7030327,63470.0,0
1746764009.7126946,-151145.0,0
1746764009.7229753,96358.0,0
1746764009.7328384,-129121.0,0
1746764009.7431262,36878.0,0
1746764009.7540805,68242.0,0
1746764009.7631533,-48794.0,0
1746764009.7732847,95440.0,0
1746764009.7838407,-125191.0,0
1746764009.7941825,31310.0,0
1746764009.803407,-151128.0,0
1746764009.8132305,-54756.0,0
1746764009.822638,93792.0,0
1746764009.8328938,-120313.0,0
1746764009.8430986,25736.0,0
1746764009.854201,75728.0,0
1746764009.8631728,-59010.0,0
1746764009.87428,91762.0,0
1746764009.8836164,-115365.0,0
1746764009.8929422,20668.0,0
1746764009.9040842,-30189.0,0
1746764009.9131415,-64356.0,0
1746764009.9237158,88830.0,0
1746764009.9343674,-110859.0,0
1746764009.9439015,97759.0,0
1746764009.9541407,82876.0,0
1746764009.9629128,-69708.0,0
1746764009.972657,86696.0,0
1746764009.9840214,-105545.0,0
1746764009.9941607,9990.0,0
1746764010.0038805,-20633.0,0
1746764010.0136933,-74746.0,0
1746764010.0239162,83258.0,0
1746764010.0327885,-99577.0,0
1746764010.0440507,4764.0,0
1746764010.053861,-15659.0,0
1746764010.0629385,-79992.0,0
1746764010.0738683,60837.0,0
1746764010.0830288,-149318.0,0
1746764010.0925262,-862.0,0
1746764010.1029136,-11119.0,0
1746764010.113408,-85218.0,0
1746764010.122957,75808.0,0
1746764010.134717,-88901.0,0
1746764010.143938,-5314.0,0
1746764010.1540685,93066.0,0
1746764010.1632254,-90376.0,0
1746764010.1747305,72038.0,0
1746764010.1836324,-83879.0,0
1746764010.1931489,-11336.0,0
1746764010.204101,-1601.0,0
1746764010.2131119,-95850.0,0
1746764010.2229977,73201.0,0
1746764010.233172,-78539.0,0
1746764010.2431917,-16600.0,0
1746764010.2531486,3363.0,0
1746764010.2627995,-100242.0,0
1746764010.2739553,63068.0,0
1746764010.2837577,-156030.0,0
1746764010.293695,-21328.0,0
1746764010.303544,8535.0,0
1746764010.313178,-105398.0,0
1746764010.3228905,80549.0,0
1746764010.3332174,-156144.0,0
1746764010.3427906,-27018.0,0
1746764010.3528173,12827.0,0
1746764010.3633077,-110496.0,0
1746764010.3730586,53814.0,0
1746764010.3834121,-155990.0,0
1746764010.3946612,-31814.0,0
1746764010.4032888,17437.0,0
1746764010.4131503,-115276.0,0
1746764010.4230547,86901.0,0
1746764010.4329019,-155698.0,0
1746764010.4426205,-37020.0,0
1746764010.4533367,22415.0,0
1746764010.4628477,-119910.0,0
1746764010.4739776,43550.0,0
1746764010.4829538,-155174.0,0
1746764010.4935665,-42310.0,0
1746764010.503176,27101.0,0
1746764010.5138974,-130549.0,0
1746764010.5230458,91849.0,0
1746764010.5349994,-47161.0,0
1746764010.5439672,-47606.0,0
1746764010.5534747,31895.0,0
1746764010.5628786,-128286.0,0
1746764010.5732262,93937.0,0
1746764010.5833054,-151804.0,0
1746764010.593484,70849.0,0
1746764010.6032941,37107.0,0
1746764010.613201,-132602.0,0
1746764010.623107,95501.0,0
1746764010.6338148,-36519.0,0
1746764010.6438947,-58140.0,0
1746764010.6533823,41627.0,0
1746764010.663222,-136884.0,0
1746764010.6733558,96757.0,0
1746764010.6832454,-146692.0,0
1746764010.6934042,61173.0,0
1746764010.7040236,46593.0,0
1746764010.712975,-140144.0,0
1746764010.722921,97491.0,0
1746764010.733981,-26453.0,0
1746764010.7429366,55793.0,0
1746764010.752873,51533.0,0
1746764010.7628505,-143472.0,0
1746764010.7729728,98001.0,0
1746764010.7832177,-140220.0,0
1746764010.794217,50443.0,0
1746764010.8036268,-59340.0,0
1746764010.8131123,-146764.0,0
1746764010.8230262,97691.0,0
1746764010.8334527,-136172.0,0
1746764010.8437774,-79478.0,0
1746764010.854275,60767.0,0
1746764010.8627272,-149512.0,0
1746764010.8734844,96975.0,0
1746764010.8833437,-132070.0,0
1746764010.89301,39907.0,0
1746764010.9040084,65427.0,0
1746764010.9131873,-152078.0,0
1746764010.9229128,96199.0,0
1746764010.933921,-5939.0,0
1746764010.943048,34369.0,0
1746764010.953903,69843.0,0
1746764010.9628623,-153130.0,0
1746764010.9727116,94597.0,0
1746764010.9836385,-122826.0,0
1746764010.9935853,29033.0,0
1746764011.0045142,73959.0,0
1746764011.0127516,-154472.0,0
1746764011.0229273,92597.0,0
1746764011.0335255,-117836.0,0
1746764011.0433786,23273.0,0
1746764011.0541508,77575.0,0
1746764011.06426,-155328.0,0
1746764011.0728052,90189.0,0
1746764011.083319,-112380.0,0
1746764011.0960858,-106742.0,0
1746764011.1035252,-27334.0,0
1746764011.1131027,-67915.0,0
1746764011.1232107,87295.0,0
1746764011.1326082,-106808.0,0
1746764011.1434462,11309.0,0
1746764011.15403,84837.0,0
1746764011.163,-73565.0,0
1746764011.1728551,84113.0,0
1746764011.18283,-101714.0,0
1746764011.19421,6075.0,0
1746764011.204968,87773.0,0
1746764011.2134068,-78541.0,0
1746764011.2232993,59772.0,0
1746764011.2341957,-149245.0,0
1746764011.2431564,97236.0,0
1746764011.25299,-11900.0,0
1746764011.263216,-84603.0,0
1746764011.272974,76725.0,0
1746764011.2875714,-89784.0,0
1746764011.2947185,96370.0,0
1746764011.303404,-128151.0,0
1746764011.3130684,-89929.0,0
1746764011.32427,72633.0,0
1746764011.33279,-84860.0,0
1746764011.3429966,-10377.0,0
1746764011.3532693,-2028.0,0
1746764011.362877,-94685.0,0
1746764011.374055,68033.0,0
1746764011.3834307,-78540.0,0
1746764011.393534,-15921.0,0
1746764011.4033835,3168.0,0
1746764011.4140017,-148420.0,0
1746764011.4229827,77072.0,0
1746764011.432624,-73006.0,0
1746764011.442933,-21869.0,0
1746764011.4532614,8414.0,0
1746764011.4629004,-106077.0,0
1746764011.472948,80886.0,0
1746764011.483836,-67076.0,0
1746764011.494751,-27863.0,0
1746764011.5029511,13566.0,0
1746764011.512964,-110881.0,0
1746764011.5229702,84212.0,0
1746764011.5327349,-61304.0,0
1746764011.5429864,-33599.0,0
1746764011.5545917,98021.0,0
1746764011.5628872,-115971.0,0
1746764011.5739617,47217.0,0
1746764011.5830505,-155473.0,0
1746764011.593277,-38605.0,0
1746764011.6033225,23658.0,0
1746764011.6136725,-120941.0,0
1746764011.6231928,89988.0,0
1746764011.63397,-50028.0,0
1746764011.6428607,-44109.0,0
1746764011.653086,28540.0,0
1746764011.663401,-125539.0,0
1746764011.6729393,92810.0,0
1746764011.6834476,-152863.0,0
1746764011.6929018,-49031.0,0
1746764011.7027304,33752.0,0
1746764011.7132452,-130831.0,0
1746764011.7229578,94490.0,0
1746764011.7335293,-150859.0,0
1746764011.7427108,-55581.0,0
1746764011.7530086,38938.0,0
1746764011.7634184,-134777.0,0
1746764011.7740908,24951.0,0
1746764011.7839146,-148571.0,0
1746764011.7936287,63592.0,0
1746764011.8027248,44052.0,0
1746764011.8131208,-139075.0,0
1746764011.8229632,97188.0,0
1746764011.8340194,-28938.0,0
1746764011.8440695,-65813.0,0
1746764011.853106,48612.0,0
1746764011.8631885,-141933.0,0
1746764011.8734052,97788.0,0
1746764011.8835099,-142609.0,0
1746764011.894963,53774.0,0
1746764011.9032097,53440.0,0
1746764011.9131236,-145693.0,0
1746764011.9232666,97760.0,0
1746764011.9341774,-18830.0,0
1746764011.943043,48320.0,0
1746764011.952756,58568.0,0
1746764011.9627295,-147935.0,0
1746764011.9732847,97364.0,0
1746764011.982959,-134665.0,0
1746764011.9938931,-82127.0,0
1746764012.0037727,62512.0,0
1746764012.0128706,-150683.0,0
1746764012.0230348,96594.0,0
1746764012.0332136,-129639.0,0
1746764012.04297,37726.0,0
1746764012.0532386,67090.0,0
1746764012.0629818,-152571.0,0
1746764012.0735288,95620.0,0
1746764012.083097,-125157.0,0
1746764012.093572,31712.0,0
1746764012.1029537,-40591.0,0
1746764012.1131573,-153913.0,0
1746764012.1227016,93472.0,0
1746764012.1330078,-120583.0,0
1746764012.14287,25898.0,0
1746764012.1529667,-34949.0,0
1746764012.1629412,-155299.0,0
1746764012.172649,91788.0,0
1746764012.1832767,-115505.0,0
1746764012.1948538,-104105.0,0
1746764012.2034278,-29793.0,0
1746764012.2132084,-155457.0,0
1746764012.2228312,88372.0,0
1746764012.2329495,-110605.0,0
1746764012.2430317,14394.0,0
1746764012.2539897,82746.0,0
1746764012.2627656,-155973.0,0
1746764012.2733471,86114.0,0
1746764012.2842824,-105155.0,0
1746764012.2932513,9020.0,0
1746764012.3037007,-19665.0,0
1746764012.3131418,-155945.0,0
1746764012.323108,82118.0,0
1746764012.3337696,-147922.0,0
1746764012.342988,3426.0,0
1746764012.353905,89070.0,0
1746764012.3629599,-81238.0,0
1746764012.3728735,78854.0,0
1746764012.3837092,-93893.0,0
1746764012.394093,-1862.0,0
1746764012.4030542,-10003.0,0
1746764012.4140332,-153389.0,0
1746764012.424278,75400.0,0
1746764012.434412,-88507.0,0
1746764012.444173,-7184.0,0
1746764012.454114,-4741.0,0
1746764012.4634457,-151741.0,0
1746764012.4738383,70622.0,0
1746764012.4834356,-82109.0,0
1746764012.4941843,-13116.0,0
1746764012.5035987,381.0,0
1746764012.514192,-149937.0,0
1746764012.5231748,66268.0,0
1746764012.5333066,-76627.0,0
1746764012.5434418,-18346.0,0
1746764012.5540113,5293.0,0
1746764012.5636966,-102548.0,0
1746764012.5736318,61126.0,0
1746764012.583487,-70449.0,0
1746764012.5944498,-24064.0,0
1746764012.6035457,10301.0,0
1746764012.6136916,-108234.0,0
1746764012.6234617,81951.0,0
1746764012.6333432,-65027.0,0
1746764012.6432672,-29614.0,0
1746764012.6536932,15209.0,0
1746764012.6630416,-112952.0,0
1746764012.6732364,85331.0,0
1746764012.6839104,-59371.0,0
1746764012.6945713,-35560.0,0
1746764012.7040646,20825.0,0
1746764012.71424,-136209.0,0
1746764012.723456,88741.0,0
1746764012.73318,-53647.0,0
1746764012.743262,-40996.0,0
1746764012.7548397,25601.0,0
1746764012.7635422,-123052.0,0
1746764012.774157,40132.0,0
1746764012.783416,-48493.0,0
1746764012.794152,-46232.0,0
1746764012.8043447,30259.0,0
1746764012.8135126,-127996.0,0
1746764012.8249104,93115.0,0
1746764012.833916,-152786.0,0
1746764012.843728,71805.0,0
1746764012.8545015,35109.0,0
1746764012.8643885,-131790.0,0
1746764012.8742177,95019.0,0
1746764012.8837528,-150684.0,0
1746764012.8979638,67103.0,0
1746764012.907354,-155183.0,0
1746764012.914935,92842.0,0
1746764012.9236462,-117855.0,0
1746764012.9341133,23520.0,0
1746764012.9437425,-32569.0,0
1746764012.9541001,-156073.0,0
1746764012.9636133,90534.0,0
1746764012.9741805,9030.0,0
1746764012.9839616,-106593.0,0
1746764012.9978914,57471.0,0
1746764013.0075586,-156303.0,0
1746764013.0134695,49773.0,0
1746764013.0243587,-107321.0,0
1746764013.033844,12652.0,0
1746764013.0435884,84574.0,0
1746764013.0536225,-156569.0,0
1746764013.0632837,-33275.0,0
1746764013.0758507,97805.0,0
1746764013.084634,-116607.0,0
1746764013.095953,87374.0,0
1746764013.1055782,-155719.0,0
1746764013.113903,80928.0,0
1746764013.1238456,23658.0,0
1746764013.134036,-121815.0,0
1746764013.1437416,90166.0,0
1746764013.153899,-49946.0,0
1746764013.1638885,-44501.0,0
1746764013.1732953,96193.0,0
1746764013.183556,-128512.0,0
1746764013.1938708,35737.0,0
1746764013.2035708,-44602.0,0
1746764013.2144783,-153370.0,0
1746764013.223781,94865.0,0
1746764013.2344131,-2313.0,0
1746764013.2433534,30567.0,0
1746764013.2531369,72933.0,0
1746764013.2631798,-155354.0,0
1746764013.2732198,93309.0,0
1746764013.2853622,-119214.0,0
1746764013.2963085,-100554.0,0
1746764013.3046188,-34360.0,0
1746764013.3139448,-155760.0,0
1746764013.32372,91025.0,0
1746764013.333308,-113992.0,0
1746764013.3431904,-105500.0,0
1746764013.3534436,80431.0,0
1746764013.3632796,-156350.0,0
1746764013.3734493,87573.0,0
1746764013.385219,-108280.0,0
1746764013.3974845,-110828.0,0
1746764013.403625,-23160.0,0
1746764013.4133134,-72393.0,0
1746764013.422922,85057.0,0
1746764013.4340885,-102624.0,0
1746764013.4430063,7565.0,0
1746764013.4537344,86913.0,0
1746764013.463239,-156078.0,0
1746764013.4729464,81473.0,0
1746764013.483832,-97454.0,0
1746764013.4935648,2041.0,0
1746764013.5041783,-13442.0,0
1746764013.5129714,-82999.0,0
1746764013.5235379,77679.0,0
1746764013.534394,28119.0,0
1746764013.5431418,-3487.0,0
1746764013.55392,92077.0,0
1746764013.563576,-153326.0,0
1746764013.574041,73431.0,0
1746764013.584005,-85646.0,0
1746764013.593618,-8979.0,0
1746764013.6035507,94405.0,0
1746764013.613689,-151242.0,0
1746764013.6279442,68853.0,0
1746764013.6345565,-154673.0,0
1746764013.6440387,-15081.0,0
1746764013.6530879,1710.0,0
1746764013.663129,-148878.0,0
1746764013.6735284,64289.0,0
1746764013.6839755,-74352.0,0
1746764013.6936567,43217.0,0
1746764013.7041757,-138672.0,0
1746764013.71342,7256.0,0
1746764013.7236197,-105087.0,0
1746764013.7341034,58887.0,0
1746764013.7436254,-67986.0,0
1746764013.7535977,-26227.0,0
1746764013.7641246,12544.0,0
1746764013.7745972,-110727.0,0
1746764013.7840953,-23847.0,0
1746764013.794188,-71632.0,0
1746764013.8045154,53365.0,0
1746764013.8143842,-145780.0,0
1746764013.8253021,97949.0,0
1746764013.8359516,-138650.0,0
1746764013.8446112,48511.0,0
1746764013.8544042,-56334.0,0
1746764013.864135,-37753.0,0
1746764013.8745766,97159.0,0
1746764013.8859034,-134470.0,0
1746764013.8934152,89684.0,0
1746764013.9070985,-155325.0,0
1746764013.9143524,78116.0,0
1746764013.9232185,-91961.0,0
1746764013.9339857,-125421.0,0
1746764013.9431458,37231.0,0
1746764013.9539607,-45934.0,0
1746764013.963723,-49451.0,0
1746764013.9738355,95525.0,0
1746764013.984523,-124990.0,0
1746764013.993868,31417.0,0
1746764014.0043707,-40330.0,0
1746764014.013913,-54909.0,0
1746764014.0238726,38224.0,0
1746764014.033228,-134507.0,0
1746764014.0439398,25241.0,0
1746764014.0544555,76093.0,0
1746764014.0632792,-155704.0,0
1746764014.0740721,-20964.0,0
1746764014.085609,6743.0,0
1746764014.094032,-104494.0,0
1746764014.1043599,79969.0,0
1746764014.114278,-156474.0,0
1746764014.1244133,-26420.0,0
1746764014.1339424,12015.0,0
1746764014.143417,-142899.0,0
1746764014.1547306,-71277.0,0
1746764014.1640298,52828.0,0
1746764014.1745777,-103590.0,0
1746764014.1847744,8813.0,0
1746764014.1989138,-19058.0,0
1746764014.2051623,86467.0,0
1746764014.2140667,-156280.0,0
1746764014.2235758,81873.0,0
1746764014.2345185,22235.0,0
1746764014.2440426,-134431.0,0
1746764014.253959,43224.0,0
1746764014.2639885,-51581.0,0
1746764014.2733145,-150711.0,0
1746764014.286309,-3411.0,0
1746764014.2970548,-130593.0,0
1746764014.305855,37652.0,0
1746764014.3138921,-153582.0,0
1746764014.3242524,-48606.0,0
1746764014.3352695,32815.0,0
1746764014.3432057,-130010.0,0
1746764014.353662,32078.0,0
1746764014.3640296,71472.0,0
1746764014.3733716,-154981.0,0
1746764014.384971,93552.0,0
1746764014.397905,1356.0,0
1746764014.4029665,25872.0,0
1746764014.4141364,75802.0,0
1746764014.4239862,-155793.0,0
1746764014.433088,91504.0,0
1746764014.4435112,6258.0,0
1746764014.454305,-146252.0,0
1746764014.463421,59465.0,0
1746764014.4739,47763.0,0
1746764014.484447,-109527.0,0
1746764014.4946282,14864.0,0
1746764014.503564,-24443.0,0
1746764014.5158472,-156559.0,0
1746764014.523708,85290.0,0
1746764014.5336878,-103975.0,0
1746764014.54364,8744.0,0
1746764014.5531604,85912.0,0
1746764014.5638902,-156275.0,0
1746764014.5731251,82088.0,0
1746764014.5836194,-98191.0,0
1746764014.6009424,97383.0,0
1746764014.605314,3500.0,0
1746764014.6142654,89080.0,0
1746764014.6237345,61855.0,0
1746764014.6332572,-93037.0,0
1746764014.6428962,-2752.0,0
1746764014.652972,91816.0,0
1746764014.662754,-153501.0,0
1746764014.6734045,74264.0,0
1746764014.6832004,-87467.0,0
1746764014.693643,-8342.0,0
1746764014.7030036,-4549.0,0
1746764014.7127633,-152007.0,0
1746764014.7229404,70066.0,0
1746764014.7334073,-81819.0,0
1746764014.742954,-13318.0,0
1746764014.7543414,95252.0,0
1746764014.7629066,-149623.0,0
1746764014.772734,65332.0,0
1746764014.7832072,-76327.0,0
1746764014.7934163,-19128.0,0
1746764014.8031256,96644.0,0
1746764014.8129692,-146553.0,0
1746764014.8235745,78617.0,0
1746764014.836965,-64055.0,0
1746764014.844509,47002.0,0
1746764014.8540332,-110246.0,0
1746764014.86356,-109172.0,0
1746764014.8737478,55594.0,0
1746764014.884615,-64381.0,0
1746764014.8955572,-31252.0,0
1746764014.9055834,16325.0,0
1746764014.913907,9033.0,0
1746764014.923956,86023.0,0
1746764014.9332716,-156054.0,0
1746764014.9431973,-36584.0,0
1746764014.953137,21157.0,0
1746764014.9631207,-118902.0,0
1746764014.9729218,43776.0,0
1746764014.9837012,-53143.0,0
1746764014.9935808,-42094.0,0
1746764015.0047767,96328.0,0
1746764015.013977,-131019.0,0
1746764015.0227594,38376.0,0
1746764015.0329058,-47459.0,0
1746764015.0428805,-47816.0,0
1746764015.0542355,95374.0,0
1746764015.0632212,-128396.0,0
1746764015.0729938,32572.0,0
1746764015.0830724,-41651.0,0
1746764015.0939026,-53058.0,0
1746764015.1033604,37143.0,0
1746764015.113951,-121311.0,0
1746764015.122703,26766.0,0
1746764015.133303,-35961.0,0
1746764015.143098,-59296.0,0
1746764015.1529124,42267.0,0
1746764015.1629136,-136918.0,0
1746764015.1739173,20692.0,0
1746764015.1838765,-30769.0,0
1746764015.1938431,-65094.0,0
1746764015.2039828,47231.0,0
1746764015.2139049,-109975.0,0
1746764015.223978,15312.0,0
1746764015.2326632,-25463.0,0
1746764015.243041,-70336.0,0
1746764015.2540565,85868.0,0
1746764015.2639923,-104977.0,0
1746764015.2738607,9438.0,0
1746764015.2847285,-20437.0,0
1746764015.2931418,-75668.0,0
1746764015.3036177,57059.0,0
1746764015.3138528,-99443.0,0
1746764015.32342,97189.0,0
1746764015.3331914,-14893.0,0
1746764015.3427446,-81636.0,0
1746764015.353429,62121.0,0
1746764015.3628592,-150006.0,0
1746764015.3740113,-2666.0,0
1746764015.3834689,-9475.0,0
1746764015.394457,-87060.0,0
1746764015.4030976,66485.0,0
1746764015.4137666,-86907.0,0
1746764015.423959,-8246.0,0
1746764015.434012,-4375.0,0
1746764015.44294,-92600.0,0
1746764015.4531167,70801.0,0
1746764015.4629009,-154280.0,0
1746764015.4738567,-13968.0,0
1746764015.4831493,-120740.0,0
1746764015.49415,-98136.0,0
1746764015.5030906,75153.0,0
1746764015.51311,-155906.0,0
1746764015.5228791,91689.0,0
1746764015.5330472,-116024.0,0
1746764015.5430968,-103586.0,0
1746764015.5527968,79245.0,0
1746764015.5633948,-156280.0,0
1746764015.573098,88575.0,0
1746764015.5830874,-110562.0,0
1746764015.5939136,-108926.0,0
1746764015.603081,82787.0,0
1746764015.6134608,-156548.0,0
1746764015.6231637,85883.0,0
1746764015.6341207,16391.0,0
1746764015.6427808,-114052.0,0
1746764015.6533415,86107.0,0
1746764015.6631851,-156110.0,0
1746764015.6732485,82383.0,0
1746764015.6840951,-99400.0,0
1746764015.6943955,3197.0,0
1746764015.7031596,88747.0,0
1746764015.712635,-154896.0,0
1746764015.722749,78375.0,0
1746764015.7339313,26469.0,0
1746764015.7430437,-2467.0,0
1746764015.7528427,91563.0,0
1746764015.7625372,-153596.0,0
1746764015.7731478,74523.0,0
1746764015.7832742,-87794.0,0
1746764015.7936013,-7319.0,0
1746764015.804784,93501.0,0
1746764015.812966,-152098.0,0
1746764015.8232906,70177.0,0
1746764015.8338966,36479.0,0
1746764015.8440022,-132588.0,0
1746764015.853099,94739.0,0
1746764015.8635225,-149774.0,0
1746764015.8733952,65957.0,0
1746764015.8835661,-76688.0,0
1746764015.8940432,-18535.0,0
1746764015.9028919,96787.0,0
1746764015.9131968,-146826.0,0
1746764015.923218,61365.0,0
1746764015.934626,-71286.0,0
1746764015.943732,-24435.0,0
1746764015.9533572,97469.0,0
1746764015.962869,-143810.0,0
1746764015.9729226,55711.0,0
1746764015.9832268,-65476.0,0
1746764015.993718,-29473.0,0
1746764016.0050929,97333.0,0
1746764016.0126576,-140572.0,0
1746764016.0232284,50877.0,0
1746764016.0329118,-60290.0,0
1746764016.043112,-34665.0,0
1746764016.0551207,97561.0,0
1746764016.0629332,-136546.0,0
1746764016.0731883,45397.0,0
1746764016.083535,-54600.0,0
1746764016.0934405,-40093.0,0
1746764016.1032104,24788.0,0
1746764016.1127846,-132506.0,0
1746764016.123169,40695.0,0
1746764016.1333647,-49392.0,0
1746764016.14314,-45293.0,0
1746764016.153295,29532.0,0
1746764016.1626122,-128528.0,0
1746764016.172792,34965.0,0
1746764016.1844754,68977.0,0
1746764016.195805,-50523.0,0
1746764016.2041147,94759.0,0
1746764016.2128942,-130743.0,0
1746764016.222874,29837.0,0
1746764016.232824,-39380.0,0
1746764016.2440047,-155162.0,0
1746764016.25424,92841.0,0
1746764016.263933,-119690.0,0
1746764016.2726934,24063.0,0
1746764016.283993,-34434.0,0
1746764016.293599,-61251.0,0
1746764016.3042345,90593.0,0
1746764016.3129373,-138741.0,0
1746764016.3231804,18675.0,0
1746764016.3327417,-28850.0,0
1746764016.343005,-66449.0,0
1746764016.3539853,87925.0,0
1746764016.3631434,-142421.0,0
1746764016.372712,13349.0,0
1746764016.383205,-23776.0,0
1746764016.3933501,-72121.0,0
1746764016.4031353,53560.0,0
1746764016.4130986,-145759.0,0
1746764016.4226494,7679.0,0
1746764016.4330955,-18742.0,0
1746764016.4430807,-77707.0,0
1746764016.4535344,58152.0,0
1746764016.4628198,-147781.0,0
1746764016.4738116,1699.0,0
1746764016.4829817,-13246.0,0
1746764016.4926503,-82779.0,0
1746764016.5032692,62898.0,0
1746764016.5129108,-150737.0,0
1746764016.523045,96370.0,0
1746764016.5327582,-8720.0,0
1746764016.5429091,-88349.0,0
1746764016.5532873,67130.0,0
1746764016.563052,-153099.0,0
1746764016.573167,95052.0,0
1746764016.5831678,-3514.0,0
1746764016.592994,-93785.0,0
1746764016.6098204,71818.0,0
1746764016.6139295,-54124.0,0
1746764016.6235697,93404.0,0
1746764016.6330576,1314.0,0
1746764016.6426616,-98455.0,0
1746764016.6529932,75026.0,0
1746764016.663181,-155387.0,0
1746764016.6739368,-20013.0,0
1746764016.6833906,5880.0,0
1746764016.6926894,-104031.0,0
1746764016.7034066,79376.0,0
1746764016.71284,-156181.0,0
1746764016.722984,89008.0,0
1746764016.7339976,11088.0,0
1746764016.7428055,-108693.0,0
1746764016.7532172,82766.0,0
1746764016.7634447,-156195.0,0
1746764016.7734268,-31225.0,0
1746764016.7843623,16264.0,0
1746764016.793922,-113859.0,0
1746764016.802668,85926.0,0
1746764016.8135126,-155813.0,0
1746764016.823775,-36093.0,0
1746764016.8330636,-99419.0,0
1746764016.8428605,-118989.0,0
1746764016.8529146,88698.0,0
1746764016.8639066,-53740.0,0
1746764016.873152,78606.0,0
1746764016.8834496,-94219.0,0
1746764016.8928368,-123139.0,0
1746764016.9035444,91104.0,0
1746764016.9139776,-153807.0,0
1746764016.9241686,74716.0,0
1746764016.9331272,-88675.0,0
1746764016.9428232,-128301.0,0
1746764016.9527621,93210.0,0
1746764016.9630115,-152017.0,0
1746764016.9732351,70702.0,0
1746764016.9831915,-83051.0,0
1746764016.9931357,-12870.0,0
1746764017.0029092,94838.0,0
1746764017.0126073,-150571.0,0
1746764017.0233157,66048.0,0
1746764017.0338817,40658.0,0
1746764017.043046,-18176.0,0
1746764017.0529892,96436.0,0
1746764017.0627835,-147799.0,0
1746764017.0729527,61334.0,0
1746764017.083017,-71895.0,0
1746764017.0938356,-23850.0,0
1746764017.1026473,97082.0,0
1746764017.1128561,-144577.0,0
1746764017.1236484,56280.0,0
1746764017.1339667,50508.0,0
1746764017.1429486,-28848.0,0
1746764017.152775,97030.0,0
1746764017.1631045,-140917.0,0
1746764017.172967,51342.0,0
1746764017.1836023,-60361.0,0
1746764017.193935,-34620.0,0
1746764017.2035844,19359.0,0
1746764017.212747,-136915.0,0
1746764017.2230215,46152.0,0
1746764017.2332332,-55415.0,0
1746764017.2436514,-39762.0,0
1746764017.2541115,96814.0,0
1746764017.2634208,-132827.0,0
1746764017.2728813,41204.0,0
1746764017.2846477,-49713.0,0
1746764017.2939134,-151683.0,0
1746764017.3029947,29005.0,0
1746764017.3126974,-128611.0,0
1746764017.322992,34858.0,0
1746764017.333089,-44795.0,0
1746764017.3435824,-50542.0,0
1746764017.3535516,34297.0,0
1746764017.3635886,-124123.0,0
1746764017.3726583,29820.0,0
1746764017.3835988,-39303.0,0
1746764017.392989,-56056.0,0
1746764017.4037676,92684.0,0
1746764017.4129314,-118743.0,0
1746764017.4226625,23764.0,0
1746764017.433216,-33719.0,0
1746764017.442889,-61536.0,0
1746764017.4541514,90068.0,0
1746764017.4631035,-139108.0,0
1746764017.4726932,18556.0,0
1746764017.48368,-28971.0,0
1746764017.4941628,-67158.0,0
1746764017.503383,48939.0,0
1746764017.5141954,-108173.0,0
1746764017.522689,13104.0,0
1746764017.5327644,-23827.0,0
1746764017.5433595,-72258.0,0
1746764017.5538619,84136.0,0
1746764017.5633361,-145948.0,0
1746764017.5728583,7018.0,0
1746764017.583608,-18833.0,0
1746764017.5932364,-77746.0,0
1746764017.604685,80866.0,0
1746764017.6139913,-97061.0,0
1746764017.6228209,1952.0,0
1746764017.635237,-13739.0,0
1746764017.643592,-155101.0,0
1746764017.6538954,77210.0,0
1746764017.6628618,-151202.0,0
1746764017.6729496,-3508.0,0
1746764017.6834567,-8725.0,0
1746764017.693176,-88972.0,0
1746764017.7029133,67119.0,0
1746764017.7129648,-86297.0,0
1746764017.7240212,-9498.0,0
1746764017.7328691,-3629.0,0
1746764017.742971,-93974.0,0
1746764017.7530982,71403.0,0
1746764017.7630162,-154476.0,0
1746764017.7729318,93279.0,0
1746764017.7836285,1433.0,0
1746764017.7936006,-98886.0,0
1746764017.8032236,75213.0,0
1746764017.813907,-75115.0,0
1746764017.8228686,91019.0,0
1746764017.8329144,6399.0,0
1746764017.8429608,-104032.0,0
1746764017.853302,79175.0,0
1746764017.8637905,-69879.0,0
1746764017.872858,88479.0,0
1746764017.8834252,11265.0,0
1746764017.8927422,-109116.0,0
1746764017.9030054,82739.0,0
1746764017.9128754,-155914.0,0
1746764017.9229987,85667.0,0
1746764017.9329069,16657.0,0
1746764017.9426816,-114168.0,0
1746764017.9531298,85795.0,0
1746764017.9630153,-156072.0,0
1746764017.9740894,-36614.0,0
1746764017.9832888,-99398.0,0
1746764017.9930086,-119332.0,0
1746764018.003186,88607.0,0
1746764018.0133524,-155540.0,0
1746764018.0238461,-42106.0,0
1746764018.0329983,-93560.0,0
1746764018.0430589,-123292.0,0
1746764018.0529735,91497.0,0
1746764018.063186,-154228.0,0
1746764018.0728812,74729.0,0
1746764018.0835223,-88270.0,0
1746764018.095475,-128120.0,0
1746764018.1030533,93413.0,0
1746764018.112982,-151958.0,0
1746764018.1229157,69975.0,0
1746764018.1332529,-82204.0,0
1746764018.1428165,-132200.0,0
1746764018.1539073,94887.0,0
1746764018.1634524,-149952.0,0
1746764018.1746833,-58496.0,0
1746764018.1833663,-76828.0,0
1746764018.192854,-136332.0,0
1746764018.202659,96443.0,0
1746764018.2133806,-147498.0,0
1746764018.2228699,60987.0,0
1746764018.2338033,45685.0,0
1746764018.242985,-24577.0,0
1746764018.2531483,96853.0,0
1746764018.2631507,-144256.0,0
1746764018.27296,55571.0,0
1746764018.282976,-66006.0,0
1746764018.2930632,-29773.0,0
1746764018.303471,96979.0,0
1746764018.312963,-140594.0,0
1746764018.3228838,50527.0,0
1746764018.3340757,55595.0,0
1746764018.3428867,-34501.0,0
1746764018.3533647,97411.0,0
1746764018.3627598,-136672.0,0
1746764018.3734193,45181.0,0
1746764018.383171,-54608.0,0
1746764018.3937385,-40511.0,0
1746764018.4030848,96455.0,0
1746764018.4134254,-132604.0,0
1746764018.4238834,-85402.0,0
1746764018.4329815,-48924.0,0
1746764018.443187,-45973.0,0
1746764018.4532855,95625.0,0
1746764018.4629264,-128440.0,0
1746764018.4731007,34721.0,0
1746764018.4832406,-44186.0,0
1746764018.493282,-51045.0,0
1746764018.5035245,-51045.0,0
1746764018.5137923,94047.0,0
1746764018.523655,94182.0,0
1746764018.5336049,-38508.0,0
1746764018.5437891,-155028.0,0
1746764018.5541496,92613.0,0
1746764018.562757,-118518.0,0
1746764018.5728745,24203.0,0
1746764018.5833414,-34068.0,0
1746764018.5938227,-61447.0,0
1746764018.6046338,90691.0,0
1746764018.613198,-139001.0,0
1746764018.6228302,18703.0,0
1746764018.6331518,-28644.0,0
1746764018.643845,-156940.0,0
1746764018.6529188,48390.0,0
1746764018.6628146,-108284.0,0
1746764018.6727338,12969.0,0
1746764018.6838012,-24420.0,0
1746764018.6929636,-72257.0,0
1746764018.7029834,53632.0,0
1746764018.714073,-103410.0,0
1746764018.7233837,97132.0,0
1746764018.7331295,-19298.0,0
1746764018.743108,-77323.0,0
1746764018.754069,81267.0,0
1746764018.7630074,-148195.0,0
1746764018.7728784,2367.0,0
1746764018.783569,-14658.0,0
1746764018.7945569,-82095.0,0
1746764018.8031237,62092.0,0
1746764018.813007,-150573.0,0
1746764018.822716,-2835.0,0
1746764018.833364,-9420.0,0
1746764018.843365,-87371.0,0
1746764018.854112,74439.0,0
1746764018.8630087,-152427.0,0
1746764018.872937,-8153.0,0
1746764018.884035,-5130.0,0
1746764018.8932576,-92361.0,0
1746764018.9033015,70194.0,0
1746764018.913848,-81984.0,0
1746764018.9227495,-13335.0,0
1746764018.9339194,-176.0,0
1746764018.943405,-97633.0,0
1746764018.9529397,74220.0,0
1746764018.9629207,-155579.0,0
1746764018.9739518,-18547.0,0
1746764018.983412,4398.0,0
1746764018.9939666,-147704.0,0
1746764019.003734,77968.0,0
1746764019.0129926,-156317.0,0
1746764019.023004,89424.0,0
1746764019.0327544,9056.0,0
1746764019.0430505,-106845.0,0
1746764019.0534692,81228.0,0
1746764019.0628195,-156163.0,0
1746764019.0729418,87000.0,0
1746764019.0831296,14008.0,0
1746764019.093229,-111829.0,0
1746764019.1030455,83694.0,0
1746764019.1139686,-61154.0,0
1746764019.122988,83944.0,0
1746764019.1328146,19016.0,0
1746764019.1428392,-117057.0,0
1746764019.1539679,46919.0,0
1746764019.162873,-155617.0,0
1746764019.172988,80878.0,0
1746764019.1832788,23386.0,0
1746764019.1936622,-120959.0,0
1746764019.20364,89716.0,0
1746764019.2130759,-154427.0,0
1746764019.2231646,76726.0,0
1746764019.2338808,28142.0,0
1746764019.2427762,-125349.0,0
1746764019.2527726,91984.0,0
1746764019.2632499,-153263.0,0
1746764019.2739563,-49463.0,0
1746764019.2838647,-85699.0,0
1746764019.2938554,-130081.0,0
1746764019.3026478,93918.0,0
1746764019.3131804,-151415.0,0
1746764019.3240638,-55049.0,0
1746764019.333159,-80247.0,0
1746764019.3427052,-133969.0,0
1746764019.3537247,95704.0,0
1746764019.3629923,-148959.0,0
1746764019.3748617,-60279.0,0
1746764019.383376,-75079.0,0
1746764019.3937957,-137595.0,0
1746764019.4035609,96846.0,0
1746764019.413489,-146297.0,0
1746764019.4231098,59126.0,0
1746764019.4339132,47316.0,0
1746764019.442754,-141261.0,0
1746764019.4527922,97322.0,0
1746764019.4634259,-143435.0,0
1746764019.473139,54376.0,0
1746764019.483283,-64305.0,0
1746764019.4953651,-31232.0,0
1746764019.5036533,97614.0,0
1746764019.512936,-140295.0,0
1746764019.5229542,49554.0,0
1746764019.5331786,-59099.0,0
1746764019.5431163,-35840.0,0
1746764019.5533159,96878.0,0
1746764019.5627775,-136263.0,0
1746764019.57301,44242.0,0
1746764019.5829988,-53605.0,0
1746764019.593501,-41494.0,0
1746764019.6030908,96798.0,0
1746764019.6129692,-131953.0,0
1746764019.6231136,39364.0,0
1746764019.6338108,65308.0,0
1746764019.6433182,-46670.0,0
1746764019.6534843,95510.0,0
1746764019.6626406,-127601.0,0
1746764019.6732037,33964.0,0
1746764019.6834211,-43701.0,0
1746764019.6933737,-52054.0,0
1746764019.7029662,93742.0,0
1746764019.7127776,-123007.0,0
1746764019.7230825,28246.0,0
1746764019.733438,-38045.0,0
1746764019.7430723,-57156.0,0
1746764019.7540312,92204.0,0
1746764019.763607,-136252.0,0
1746764019.7732677,22594.0,0
1746764019.7833593,-32757.0,0
1746764019.7933486,-62440.0,0
1746764019.8033416,44803.0,0
1746764019.8126838,-113073.0,0
1746764019.8226762,17144.0,0
1746764019.8333218,-145128.0,0
1746764019.843213,-67736.0,0
1746764019.8532357,49211.0,0
1746764019.863324,-108315.0,0
1746764019.8728402,12606.0,0
1746764019.8840985,-23475.0,0
1746764019.8938463,-72560.0,0
1746764019.9042602,84446.0,0
1746764019.912654,-103335.0,0
1746764019.9227338,6350.0,0
1746764019.9349248,86748.0,0
1746764019.9430053,-77952.0,0
1746764019.9529083,58705.0,0
1746764019.963965,-97203.0,0
1746764019.973195,1142.0,0
1746764019.983256,-13361.0,0
1746764019.9935575,-83364.0,0
1746764020.0041785,76954.0,0
1746764020.0139422,-91635.0,0
1746764020.0230224,-4102.0,0
1746764020.0331132,-129934.0,0
1746764020.0432353,-88524.0,0
1746764020.0531173,67051.0,0
1746764020.0638528,-86921.0,0
1746764020.0732548,-9374.0,0
1746764020.0838969,-3529.0,0
1746764020.0945911,-93276.0,0
1746764020.1033063,71211.0,0
1746764020.1140466,-80377.0,0
1746764020.1229484,-14716.0,0
1746764020.1327157,819.0,0
1746764020.1434288,-98808.0,0
1746764020.1540082,64520.0,0
1746764020.164001,-75295.0,0
1746764020.172685,-20152.0,0
1746764020.1833906,6097.0,0
1746764020.1960764,-103670.0,0
1746764020.2043471,59488.0,0
1746764020.2139285,-69715.0,0
1746764020.2239025,-25362.0,0
1746764020.2329743,-111058.0,0
1746764020.2433863,-109036.0,0
1746764020.2531662,82155.0,0
1746764020.2629013,-156156.0,0
1746764020.274049,-30508.0,0
1746764020.2843223,15373.0,0
1746764020.2935927,-113950.0,0
1746764020.3033905,85315.0,0
1746764020.3138986,-59069.0,0
1746764020.3239274,-35396.0,0
1746764020.3329377,19933.0,0
1746764020.3431807,-118386.0,0
1746764020.3532643,87897.0,0
1746764020.3639905,-54519.0,0
1746764020.3730042,78985.0,0
1746764020.38341,24625.0,0
1746764020.393323,-122788.0,0
1746764020.4038208,90313.0,0
1746764020.413558,-154440.0,0
1746764020.4239767,-45508.0,0
1746764020.4327044,29805.0,0
1746764020.4428983,-126990.0,0
1746764020.4534934,92277.0,0
1746764020.4629414,-153114.0,0
1746764020.4741206,-50840.0,0
1746764020.4831853,-85370.0,0
1746764020.4926174,-130860.0,0
1746764020.5030944,94139.0,0
1746764020.5143237,-39873.0,0
1746764020.5236819,67715.0,0
1746764020.5345688,38563.0,0
1746764020.543229,-134170.0,0
1746764020.5531454,95619.0,0
1746764020.5640817,-35191.0,0
1746764020.5740407,-60800.0,0
1746764020.5835094,-74942.0,0
1746764020.5927155,-138202.0,0
1746764020.6030989,96647.0,0
1746764020.613119,-146020.0,0
1746764020.623774,-66260.0,0
1746764020.6340935,47537.0,0
1746764020.643001,-141274.0,0
1746764020.6533756,97247.0,0
1746764020.6636999,-143338.0,0
1746764020.6733236,53945.0,0
1746764020.6835494,-63464.0,0
1746764020.6925304,-144508.0,0
1746764020.702838,97617.0,0
1746764020.7132907,-140092.0,0
1746764020.725117,49331.0,0
1746764020.7338576,-58964.0,0
1746764020.7430851,-36003.0,0
1746764020.7531116,97261.0,0
1746764020.7628493,-136308.0,0
1746764020.7729604,44671.0,0
1746764020.7836776,-53500.0,0
1746764020.7934616,-40973.0,0
1746764020.8026085,96673.0,0
1746764020.8129203,-132640.0,0
1746764020.8230221,39727.0,0
1746764020.8332436,-49078.0,0
1746764020.8439724,-151340.0,0
1746764020.852861,95929.0,0
1746764020.8628652,-128532.0,0
1746764020.8740215,-90160.0,0
1746764020.8835511,-44738.0,0
1746764020.893344,-50697.0,0
1746764020.9036732,94265.0,0
1746764020.913053,-124436.0,0
1746764020.9231136,29895.0,0
1746764020.9331686,-39608.0,0
1746764020.94381,-154480.0,0
1746764020.952917,92815.0,0
1746764020.9629273,-119966.0,0
1746764020.9731898,24823.0,0
1746764020.9831734,-35186.0,0
1746764020.9938378,-155658.0,0
1746764021.00387,90883.0,0
1746764021.012913,-114972.0,0
1746764021.023175,19625.0,0
1746764021.0328538,-30692.0,0
1746764021.0428472,-65629.0,0
1746764021.053309,47560.0,0
1746764021.0628831,-110804.0,0
1746764021.0727127,14719.0,0
1746764021.0835648,-25414.0,0
1746764021.0938053,-70551.0,0
1746764021.1029663,51702.0,0
1746764021.112762,-105590.0,0
1746764021.122894,9441.0,0
1746764021.1333659,-21092.0,0
1746764021.1429317,-74519.0,0
1746764021.1532497,55846.0,0
1746764021.163319,-100556.0,0
1746764021.1728961,4471.0,0
1746764021.1832488,-16828.0,0
1746764021.1934884,-79789.0,0
1746764021.203583,60176.0,0
1746764021.2126176,-95666.0,0
1746764021.2225518,-49.0,0
1746764021.2332752,-12256.0,0
1746764021.2429543,-84635.0,0
1746764021.2550771,75973.0,0
1746764021.2630076,-151655.0,0
1746764021.2744339,-5551.0,0
1746764021.2842946,-7768.0,0
1746764021.2932184,-89555.0,0
1746764021.3038332,72471.0,0
1746764021.3129363,-153197.0,0
1746764021.3237832,-10035.0,0
1746764021.3350174,-3406.0,0
1746764021.3434956,-94451.0,0
1746764021.3533628,68953.0,0
1746764021.3633387,-154879.0,0
1746764021.3729336,-15361.0,0
1746764021.3831806,1154.0,0
1746764021.3941357,-99093.0,0
1746764021.4044898,64411.0,0
1746764021.4129827,-155257.0,0
1746764021.422693,-20155.0,0
1746764021.4327407,5902.0,0
1746764021.4428747,-103761.0,0
1746764021.4534538,78536.0,0
1746764021.4628687,-155799.0,0
1746764021.4726884,-24533.0,0
1746764021.4841022,10138.0,0
1746764021.4944189,-108811.0,0
1746764021.503791,81550.0,0
1746764021.5139384,-65548.0,0
1746764021.5238962,-29521.0,0
1746764021.532867,14714.0,0
1746764021.5429542,-112495.0,0
1746764021.5540428,51457.0,0
1746764021.5629709,-156683.0,0
1746764021.5739038,83722.0,0
1746764021.5834196,18758.0,0
1746764021.5936944,-117307.0,0
1746764021.6033585,87090.0,0
1746764021.61301,-155527.0,0
1746764021.6229954,80694.0,0
1746764021.6328444,23474.0,0
1746764021.6426823,-121401.0,0
1746764021.6534405,89678.0,0
1746764021.6631525,-154531.0,0
1746764021.6739023,-44177.0,0
1746764021.683563,28140.0,0
1746764021.6933055,-125913.0,0
1746764021.7035522,92222.0,0
1746764021.713223,-153871.0,0
1746764021.7232325,73046.0,0
1746764021.7326453,32374.0,0
1746764021.7426872,-129981.0,0
1746764021.7538962,31453.0,0
1746764021.7629402,-151831.0,0
1746764021.7740054,-54609.0,0
1746764021.7832632,-80651.0,0
1746764021.7928941,-133723.0,0
1746764021.802727,95126.0,0
1746764021.8128023,-149437.0,0
1746764021.823043,64630.0,0
1746764021.833398,-75531.0,0
1746764021.8432918,-138001.0,0
1746764021.8528638,96280.0,0
1746764021.8632398,-146661.0,0
1746764021.8728478,60046.0,0
1746764021.8836453,-70653.0,0
1746764021.8935728,-141057.0,0
1746764021.9044702,96926.0,0
1746764021.9130635,-143867.0,0
1746764021.923796,-70389.0,0
1746764021.9340868,51766.0,0
1746764021.942822,-144109.0,0
1746764021.9529734,96990.0,0
1746764021.963296,-140399.0,0
1746764021.9728549,49714.0,0
1746764021.9830008,-60481.0,0
1746764021.9942327,-147303.0,0
1746764022.0028234,97140.0,0
1746764022.0133836,-136701.0,0
1746764022.0237024,44664.0,0
1746764022.0339198,60018.0,0
1746764022.0440187,-149543.0,0
1746764022.0533004,96630.0,0
1746764022.063576,-132849.0,0
1746764022.0729778,40546.0,0
1746764022.0829601,-49455.0,0
1746764022.092924,-44958.0,0
1746764022.1028125,95414.0,0
1746764022.1129222,-128533.0,0
1746764022.1233506,34832.0,0
1746764022.1329815,-152856.0,0
1746764022.1432242,-50626.0,0
1746764022.15276,93994.0,0
1746764022.1626666,-123621.0,0
1746764022.1730878,29050.0,0
1746764022.183636,-39385.0,0
1746764022.194616,-154619.0,0
1746764022.2032266,92702.0,0
1746764022.214683,-119159.0,0
1746764022.2235055,24920.0,0
1746764022.2328272,-34627.0,0
1746764022.2430282,-60706.0,0
1746764022.254157,90776.0,0
1746764022.263051,-114725.0,0
1746764022.2728114,19380.0,0
1746764022.2831378,-30053.0,0
1746764022.2939365,-156349.0,0
1746764022.3029315,47955.0,0
1746764022.3131573,-109645.0,0
1746764022.322854,14124.0,0
1746764022.334273,-25069.0,0
1746764022.3430364,-71596.0,0
1746764022.353122,52401.0,0
1746764022.3629723,-105197.0,0
1746764022.3727784,8340.0,0
1746764022.383234,-20117.0,0
1746764022.3944201,-155911.0,0
1746764022.4030695,56665.0,0
1746764022.4124866,-99273.0,0
1746764022.4228315,3116.0,0
1746764022.4341762,88666.0,0
1746764022.4430807,-81120.0,0
1746764022.4530492,61205.0,0
1746764022.4629297,-94553.0,0
1746764022.472715,-2176.0,0
1746764022.483537,-10729.0,0
1746764022.4933314,-86414.0,0
1746764022.5048535,65381.0,0
1746764022.514705,-46951.0,0
1746764022.5258756,30610.0,0
1746764022.5354803,-128041.0,0
1746764022.542869,93158.0,0
1746764022.5528014,69311.0,0
1746764022.5629141,-154112.0,0
1746764022.5735223,-12306.0,0
1746764022.5831091,-1579.0,0
1746764022.5931556,-96078.0,0
1746764022.6032593,73057.0,0
1746764022.6129663,-155060.0,0
1746764022.6232338,-16670.0,0
1746764022.6335275,2859.0,0
1746764022.6431494,-101226.0,0
1746764022.6529317,76435.0,0
1746764022.6638136,-73789.0,0
1746764022.6727839,-22284.0,0
1746764022.6836636,7241.0,0
1746764022.6938324,-105622.0,0
1746764022.70319,80177.0,0
1746764022.713077,-156344.0,0
1746764022.7227416,-26696.0,0
1746764022.7327352,11799.0,0
1746764022.743379,-110342.0,0
1746764022.7538698,82989.0,0
1746764022.763081,-156404.0,0
1746764022.7741103,-31566.0,0
1746764022.783671,16503.0,0
1746764022.7934227,-114506.0,0
1746764022.8033473,85505.0,0
1746764022.814035,-58621.0,0
1746764022.8238928,-36726.0,0
1746764022.8335328,20589.0,0
1746764022.8426118,-118510.0,0
1746764022.8556058,87833.0,0
1746764022.863599,-155520.0,0
1746764022.8737783,-41184.0,0
1746764022.8834789,24863.0,0
1746764022.892804,-122558.0,0
1746764022.9032905,90297.0,0
1746764022.9133525,-154448.0,0
1746764022.924171,75999.0,0
1746764022.9337277,29271.0,0
1746764022.9429286,-127258.0,0
1746764022.953471,92675.0,0
1746764022.9630368,-153326.0,0
1746764022.9732969,72201.0,0
1746764022.9829888,33345.0,0
1746764022.9932592,-130136.0,0
1746764023.0030625,-3124.0,0
1746764023.0132158,-151478.0,0
1746764023.022919,68683.0,0
1746764023.0339077,37543.0,0
1746764023.0428114,-133526.0,0
1746764023.0528655,95211.0,0
1746764023.0631573,-149484.0,0
1746764023.0739682,-59538.0,0
1746764023.0835433,-75648.0,0
1746764023.093829,-137236.0,0
1746764023.1026258,96209.0,0
1746764023.1138363,-146908.0,0
1746764023.1238523,-63674.0,0
1746764023.1339521,45767.0,0
1746764023.143666,-140586.0,0
1746764023.1527607,96491.0,0
1746764023.1632705,-144516.0,0
1746764023.174573,-68396.0,0
1746764023.1832273,-66738.0,0
1746764023.193361,-143142.0,0
1746764023.203272,97171.0,0
1746764023.212922,-141356.0,0
1746764023.2228973,51523.0,0
1746764023.232981,-61508.0,0
1746764023.2427366,-146066.0,0
1746764023.2531796,97331.0,0
1746764023.2632072,-137944.0,0
1746764023.2732816,47269.0,0
1746764023.283161,-57076.0,0
1746764023.293431,-38511.0,0
1746764023.302815,96665.0,0
1746764023.312742,-134394.0,0
1746764023.3255992,42845.0,0
1746764023.333644,61931.0,0
1746764023.3429263,-43459.0,0
1746764023.353412,96047.0,0
1746764023.3629813,-131190.0,0
1746764023.373183,37785.0,0
1746764023.3835082,-47678.0,0
1746764023.3932185,-47385.0,0
1746764023.4028275,95067.0,0
1746764023.4132135,-127246.0,0
1746764023.42341,32725.0,0
1746764023.4335546,-42828.0,0
1746764023.4430282,-52597.0,0
1746764023.4528735,93247.0,0
1746764023.4634175,-122720.0,0
1746764023.4738662,-96944.0,0
1746764023.4838507,-37884.0,0
1746764023.5023685,-57237.0,0
1746764023.5133848,91923.0,0
1746764023.5236497,95866.0,0
1746764023.5328796,-33144.0,0
1746764023.5428603,-61985.0,0
1746764023.55404,89843.0,0
1746764023.5630229,-113680.0,0
1746764023.5727913,17777.0,0
1746764023.5832038,-28954.0,0
1746764023.594913,-156582.0,0
1746764023.6030028,48666.0,0
1746764023.6129053,-108676.0,0
1746764023.6227865,12515.0,0
1746764023.633299,-24684.0,0
1746764023.6429927,-71975.0,0
1746764023.654058,84645.0,0
1746764023.662591,-104316.0,0
1746764023.6728282,8025.0,0
1746764023.6831274,-19946.0,0
1746764023.6929424,-76327.0,0
1746764023.7031343,57206.0,0
1746764023.7129362,-99340.0,0
1746764023.7227778,2919.0,0
1746764023.7334034,-15428.0,0
1746764023.7432115,-81225.0,0
1746764023.754165,78061.0,0
1746764023.7641094,-94292.0,0
1746764023.7731004,-2033.0,0
1746764023.7842216,90831.0,0
1746764023.7972422,-86219.0,0
1746764023.804291,65006.0,0
1746764023.814739,-89068.0,0
1746764023.822735,-6115.0,0
1746764023.8327816,-6976.0,0
1746764023.843941,-90715.0,0
1746764023.8554516,71623.0,0
1746764023.8629596,-153053.0,0
1746764023.8728893,-11151.0,0
1746764023.883221,-2396.0,0
1746764023.8939617,-151168.0,0
1746764023.9031615,71868.0,0
1746764023.913102,-154673.0,0
1746764023.9226959,-15585.0,0
1746764023.9326699,1336.0,0
1746764023.9433405,-99339.0,0
1746764023.9531033,75578.0,0
1746764023.9629376,-155223.0,0
1746764023.972768,-20025.0,0
1746764023.9830403,5326.0,0
1746764023.9938405,-103979.0,0
1746764024.0037432,78474.0,0
1746764024.012889,-155765.0,0
1746764024.0238936,-24883.0,0
1746764024.0328815,10120.0,0
1746764024.0430138,-107955.0,0
1746764024.0533116,81122.0,0
1746764024.062887,-155817.0,0
1746764024.073934,-29249.0,0
1746764024.0837574,13768.0,0
1746764024.092963,-111743.0,0
1746764024.102991,84462.0,0
1746764024.1129227,-155933.0,0
1746764024.1231456,83862.0,0
1746764024.133191,18572.0,0
1746764024.1430209,-116285.0,0
1746764024.1534147,87118.0,0
1746764024.1638865,-56434.0,0
1746764024.1731226,80594.0,0
1746764024.1836216,22928.0,0
1746764024.194203,-120543.0,0
1746764024.2038279,89396.0,0
1746764024.213399,-154771.0,0
1746764024.223243,77738.0,0
1746764024.2328725,27286.0,0
1746764024.242702,-124665.0,0
1746764024.2532995,91284.0,0
1746764024.262955,-153763.0,0
1746764024.2731647,73840.0,0
1746764024.2858706,31750.0,0
1746764024.2931595,-128651.0,0
1746764024.3050053,93344.0,0
1746764024.3136933,-152079.0,0
1746764024.3229687,69834.0,0
1746764024.33519,35908.0,0
1746764024.3427649,-132263.0,0
1746764024.354262,94740.0,0
1746764024.3635402,-150013.0,0
1746764024.3729165,-57823.0,0
1746764024.3832057,-77619.0,0
1746764024.3930376,-135969.0,0
1746764024.4030054,96002.0,0
1746764024.413571,-147787.0,0
1746764024.4235423,61740.0,0
1746764024.4329364,-72471.0,0
1746764024.4432745,-139417.0,0
1746764024.4533937,96674.0,0
1746764024.464629,-28174.0,0
1746764024.472985,57482.0,0
1746764024.4843097,48886.0,0
1746764024.4937186,-142333.0,0
1746764024.5031333,97098.0,0
1746764024.5133321,-141885.0,0
1746764024.5230606,52504.0,0
1746764024.536883,53568.0,0
1746764024.5443182,-32758.0,0
1746764024.5532794,97440.0,0
1746764024.5628512,-138885.0,0
1746764024.5732615,47478.0,0
1746764024.5836203,-57579.0,0
1746764024.5978475,-148313.0,0
1746764024.6039202,21617.0,0
1746764024.613659,-134541.0,0
1746764024.62296,42906.0,0
1746764024.6329908,-52335.0,0
1746764024.6428735,-42534.0,0
1746764024.653036,96414.0,0
1746764024.663193,-131031.0,0
1746764024.6743536,-87227.0,0
1746764024.683111,-47793.0,0
1746764024.6933284,-47856.0,0
1746764024.7032738,95496.0,0
1746764024.7126591,-127433.0,0
1746764024.723408,32944.0,0
1746764024.7329676,-42865.0,0
1746764024.7438056,-52188.0,0
1746764024.7532094,93970.0,0
1746764024.7634895,-122637.0,0
1746764024.7729676,27846.0,0
1746764024.783033,-38605.0,0
1746764024.7938652,-57130.0,0
1746764024.8055155,92144.0,0
1746764024.8130674,-118611.0,0
1746764024.8227623,23232.0,0
1746764024.833934,-33817.0,0
1746764024.8430796,-155709.0,0
1746764024.8529418,43823.0,0
1746764024.8627877,-114763.0,0
1746764024.8726933,18820.0,0
1746764024.8834286,-29953.0,0
1746764024.8934386,-66156.0,0
1746764024.902908,47673.0,0
1746764024.9127848,-109855.0,0
1746764024.9232285,13686.0,0
1746764024.9339774,82346.0,0
1746764024.9428568,-70688.0,0
1746764024.9529686,52017.0,0
1746764024.9625497,-105225.0,0
1746764024.9728494,9244.0,0
1746764024.9832904,-21365.0,0
1746764024.9947577,-156071.0,0
1746764025.0044665,82950.0,0
1746764025.0131166,-100541.0,0
1746764025.0227585,4656.0,0
1746764025.0335157,-16861.0,0
1746764025.0430987,-79302.0,0
1746764025.0532188,59673.0,0
1746764025.063998,-96267.0,0
1746764025.0728848,-288.0,0
1746764025.082752,-12517.0,0
1746764025.0949416,-84346.0,0
1746764025.1040702,75904.0,0
1746764025.1133878,-151256.0,0
1746764025.1236856,-4742.0,0
1746764025.1327274,-8425.0,0
1746764025.1431465,-88940.0,0
1746764025.1540983,72906.0,0
1746764025.163,-152782.0,0
1746764025.174045,-9638.0,0
1746764025.1833966,-3763.0,0
1746764025.1935883,-93998.0,0
1746764025.2033298,70845.0,0
1746764025.2140193,-81245.0,0
1746764025.2228599,-14080.0,0
1746764025.2326586,247.0,0
1746764025.2428436,-98206.0,0
1746764025.2528837,74243.0,0
1746764025.264014,-76515.0,0
1746764025.2739613,-18782.0,0
1746764025.2835233,4571.0,0
1746764025.2942054,-103032.0,0
1746764025.3034925,77719.0,0
1746764025.3130527,-155650.0,0
1746764025.32387,-23708.0,0
1746764025.3328502,9043.0,0
1746764025.34307,-107400.0,0
1746764025.3531387,81111.0,0
1746764025.3640797,-66643.0,0
1746764025.3728898,87121.0,0
1746764025.3833692,13215.0,0
1746764025.3935795,-111382.0,0
1746764025.4036918,83655.0,0
1746764025.4130473,-156380.0,0
1746764025.4229355,83991.0,0
1746764025.4328017,17431.0,0
1746764025.442843,-115830.0,0
1746764025.4531932,86449.0,0
1746764025.463134,-155820.0,0
1746764025.4730027,81355.0,0
1746764025.4836183,21729.0,0
1746764025.5076857,-119618.0,0
1746764025.513209,88601.0,0
1746764025.5235126,61764.0,0
1746764025.533983,26085.0,0
1746764025.542941,-123570.0,0
1746764025.5532587,91065.0,0
1746764025.5632002,-154490.0,0
1746764025.572957,74899.0,0
1746764025.583124,-89920.0,0
1746764025.5939717,-127222.0,0
1746764025.604159,92561.0,0
1746764025.6128793,-152588.0,0
1746764025.622862,71659.0,0
1746764025.6328242,-84476.0,0
1746764025.6432867,-131082.0,0
1746764025.6528044,93845.0,0
1746764025.6634061,-150654.0,0
1746764025.672959,67977.0,0
1746764025.6842473,38329.0,0
1746764025.6927996,-134448.0,0
1746764025.7027175,95325.0,0
1746764025.7139847,-34809.0,0
1746764025.7238111,-60070.0,0
1746764025.7329211,-74788.0,0
1746764025.7431498,-137668.0,0
1746764025.7528384,96311.0,0
1746764025.7630675,-146894.0,0
1746764025.7728608,59591.0,0
1746764025.7834601,-70214.0,0
1746764025.793637,-25183.0,0
1746764025.8040595,96633.0,0
1746764025.8132586,-108647.0,0
1746764025.8246486,55427.0,0
1746764025.8337538,-64796.0,0
1746764025.8436677,-30431.0,0
1746764025.8535736,97155.0,0
1746764025.863092,-141186.0,0
1746764025.8739398,50675.0,0
1746764025.8842185,-60608.0,0
1746764025.8932276,-34801.0,0
1746764025.9040456,97137.0,0
1746764025.9136283,-137934.0,0
1746764025.9238083,46623.0,0
1746764025.9336543,-156029.0,0
1746764025.946361,-38983.0,0
1746764025.9536064,-96827.0,0
1746764025.963671,1358.0,0
1746764025.9742575,89222.0,0
1746764025.9848287,-51690.0,0
1746764025.9957516,77352.0,0
1746764026.0035896,-151534.0,0
1746764026.0134666,96205.0,0
1746764026.024944,-9519.0,0
1746764026.0332432,-87904.0,0
1746764026.0442567,74270.0,0
1746764026.0541945,31044.0,0
1746764026.0637891,-128639.0,0
1746764026.0737653,33273.0,0
1746764026.085204,-42946.0,0
1746764026.095754,-52607.0,0
1746764026.1044812,34866.0,0
1746764026.114511,-132895.0,0
1746764026.122893,94532.0,0
1746764026.1346288,-39054.0,0
1746764026.144537,-56435.0,0
1746764026.1536338,39070.0,0
1746764026.163917,-135961.0,0
1746764026.1731648,24133.0,0
1746764026.1838138,-34106.0,0
1746764026.194054,-61085.0,0
1746764026.2053683,89999.0,0
1746764026.2138355,-139289.0,0
1746764026.2239625,95988.0,0
1746764026.2333724,-30060.0,0
1746764026.2430205,-65869.0,0
1746764026.2536693,46992.0,0
1746764026.2638946,-110170.0,0
1746764026.2739253,14645.0,0
1746764026.284442,-25668.0,0
1746764026.2954266,54444.0,0
1746764026.3042674,-64253.0,0
1746764026.3144743,-30526.0,0
1746764026.3242724,97314.0,0
1746764026.333239,-140345.0,0
1746764026.3439968,-75091.0,0
1746764026.3538687,55452.0,0
1746764026.3633525,-147501.0,0
1746764026.3743896,5007.0,0
1746764026.38376,-16884.0,0
1746764026.3940544,-79775.0,0
1746764026.4043424,59284.0,0
1746764026.4142013,-150059.0,0
1746764026.424791,849.0,0
1746764026.4338398,-12912.0,0
1746764026.4438016,-84223.0,0
1746764026.4545748,76725.0,0
1746764026.463811,-91658.0,0
1746764026.4742897,-4197.0,0
1746764026.4850905,-8542.0,0
1746764026.4941256,36618.0,0
1746764026.503231,-153422.0,0
1746764026.5138226,-48854.0,0
1746764026.523156,31693.0,0
1746764026.533572,-126515.0,0
1746764026.543832,-93099.0,0
1746764026.5535965,70432.0,0
1746764026.5631795,-155079.0,0
1746764026.5732489,93478.0,0
1746764026.5843854,-278.0,0
1746764026.5939138,-97707.0,0
1746764026.6048126,-37477.0,0
1746764026.6141968,-57850.0,0
1746764026.6239936,92026.0,0
1746764026.6332088,3886.0,0
1746764026.6431522,-101913.0,0
1746764026.6540394,76610.0,0
1746764026.6629984,-156033.0,0
1746764026.6731906,89932.0,0
1746764026.6840165,8166.0,0
1746764026.6985042,-106393.0,0
1746764026.7035663,-28485.0,0
1746764026.7141778,-156631.0,0
1746764026.7232754,87624.0,0
1746764026.7328732,11930.0,0
1746764026.7437212,-110673.0,0
1746764026.7533815,82838.0,0
1746764026.7633858,-156737.0,0
1746764026.7732258,84990.0,0
1746764026.7847517,16318.0,0
1746764026.7938242,-114907.0,0
1746764026.803698,-20035.0,0
1746764026.81512,48943.0,0
1746764026.8247588,-156169.0,0
1746764026.8346436,82282.0,0
1746764026.8445227,-99533.0,0
1746764026.8548186,3946.0,0
1746764026.864151,-135964.0,0
1746764026.8739831,44885.0,0
1746764026.8862944,-53938.0,0
1746764026.8986268,79220.0,0
1746764026.9070752,-40915.0,0
1746764026.9140258,24680.0,0
1746764026.9249659,-123139.0,0
1746764026.9341385,89898.0,0
1746764026.943063,-49710.0,0
1746764026.9547904,-151950.0,0
1746764026.9631772,95709.0,0
1746764026.9738312,-7525.0,0
1746764026.9869008,-153157.0,0
1746764026.9951754,72620.0,0
1746764027.004445,-85719.0,0
1746764027.0144727,-9948.0,0
1746764027.0240662,-3615.0,0
1746764027.0338109,-151387.0,0
1746764027.0433145,68716.0,0
1746764027.0541203,36864.0,0
1746764027.0645132,-121060.0,0
1746764027.0736916,26435.0,0
1746764027.084358,74509.0,0
1746764027.0965896,-76001.0,0
1746764027.1035058,-19112.0,0
1746764027.1144862,96300.0,0
1746764027.1243448,-32068.0,0
1746764027.1342616,-156172.0,0
1746764027.1440861,-23618.0,0
1746764027.1532276,8685.0,0
1746764027.1645381,-145393.0,0
1746764027.173675,57630.0,0
1746764027.1834872,-67591.0,0
1746764027.19751,-27716.0,0
1746764027.2035718,-108274.0,0
1746764027.2135165,97178.0,0
1746764027.2236037,-23858.0,0
1746764027.2342536,-156732.0,0
1746764027.2440922,84835.0,0
1746764027.2539756,16235.0,0
1746764027.2637265,-115460.0,0
1746764027.2732103,48904.0,0
1746764027.2869732,-58405.0,0
1746764027.2941406,-36516.0,0
1746764027.3043215,97112.0,0
1746764027.3150516,-118618.0,0
1746764027.3263695,-16110.0,0
1746764027.334588,-80891.0,0
1746764027.3441112,59994.0,0
1746764027.353594,-95542.0,0
1746764027.363868,89.0,0
1746764027.3739748,89767.0,0
1746764027.3848119,-50149.0,0
1746764027.3945174,-44916.0,0
1746764027.403148,28241.0,0
1746764027.414481,-126376.0,0
1746764027.4239235,91669.0,0
1746764027.4344301,-46065.0,0
1746764027.4435458,-49192.0,0
1746764027.453379,31905.0,0
1746764027.463954,-129672.0,0
1746764027.4734468,32286.0,0
1746764027.483936,-42029.0,0
1746764027.4960003,-53130.0,0
1746764027.504924,-82336.0,0
1746764027.5143433,-133162.0,0
1746764027.5235949,94609.0,0
1746764027.5338185,-37311.0,0
1746764027.5435038,-58182.0,0
1746764027.5532382,39821.0,0
1746764027.5638468,-117739.0,0
1746764027.5738425,23510.0,0
1746764027.584533,-33349.0,0
1746764027.5964265,62319.0,0
1746764027.6055875,-73088.0,0
1746764027.6146939,-22693.0,0
1746764027.6240797,7626.0,0
1746764027.6340559,-106425.0,0
1746764027.6446853,58319.0,0
1746764027.6541808,-68438.0,0
1746764027.6638443,-26515.0,0
1746764027.6735802,97007.0,0
1746764027.6852212,-25145.0,0
1746764027.6968925,53879.0,0
1746764027.7070687,-63968.0,0
1746764027.714143,-31585.0,0
1746764027.7246041,15878.0,0
1746764027.734328,-114103.0,0
1746764027.744756,49971.0,0
1746764027.7543814,-59348.0,0
1746764027.7636871,-35531.0,0
1746764027.773944,19562.0,0
1746764027.7852392,-137024.0,0
1746764027.7971222,-80128.0,0
1746764027.8049567,-55482.0,0
1746764027.8137493,-39995.0,0
1746764027.8235905,96473.0,0
1746764027.8333719,-12715.0,0
1746764027.8443253,-83942.0,0
1746764027.8539476,62715.0,0
1746764027.8631124,-151322.0,0
1746764027.8738058,-3472.0,0
1746764027.8843975,-9147.0,0
1746764027.8974392,-88088.0,0
1746764027.9059868,66019.0,0
1746764027.9133034,-48263.0,0
1746764027.9236357,95137.0,0
1746764027.9349823,-5265.0,0
1746764027.9447973,32705.0,0
1746764027.953947,-42518.0,0
1746764027.9641633,-52527.0,0
1746764027.9744124,93861.0,0
1746764027.983768,-132171.0,0
1746764027.9937403,28475.0,0
1746764028.0032985,-38952.0,0
1746764028.0135887,67304.0,0
1746764028.0236807,-78805.0,0
1746764028.0342252,-136079.0,0
1746764028.0438704,95412.0,0
1746764028.0539818,-148705.0,0
1746764028.0649254,63302.0,0
1746764028.0740755,42642.0,0
1746764028.0832567,-138319.0,0
1746764028.0948172,20583.0,0
1746764028.1033506,-147003.0,0
1746764028.1141043,-64987.0,0
1746764028.1234496,46314.0,0
1746764028.133978,-112356.0,0
1746764028.1439302,-108210.0,0
1746764028.1532679,81227.0,0
1746764028.163323,-156640.0,0
1746764028.173103,86663.0,0
1746764028.1834238,-108292.0,0
1746764028.192951,-111118.0,0
1746764028.2030604,83199.0,0
1746764028.2128828,-156368.0,0
1746764028.2229269,84663.0,0
1746764028.233117,-104416.0,0
1746764028.2430007,-114354.0,0
1746764028.2530513,85755.0,0
1746764028.262936,-156570.0,0
1746764028.273096,81887.0,0
1746764028.2834485,-99950.0,0
1746764028.2940075,-118570.0,0
1746764028.3037708,87995.0,0
1746764028.3137841,-155606.0,0
1746764028.3243256,78997.0,0
1746764028.3335903,-94870.0,0
1746764028.342998,-123004.0,0
1746764028.3527937,90333.0,0
1746764028.3631709,-154548.0,0
1746764028.3729239,76245.0,0
1746764028.3832142,-91442.0,0
1746764028.393316,-5157.0,0
1746764028.4032183,91863.0,0
1746764028.4128923,-153476.0,0
1746764028.4232233,72759.0,0
1746764028.4329693,-86680.0,0
1746764028.4429991,-9059.0,0
1746764028.452886,93065.0,0
1746764028.4633064,-151892.0,0
1746764028.4732814,69097.0,0
1746764028.4832563,-82164.0,0
1746764028.4985163,-14043.0,0
1746764028.503268,-121941.0,0
1746764028.5126398,-98399.0,0
1746764028.522871,65949.0,0
1746764028.5328603,-77248.0,0
1746764028.5431867,-17853.0,0
1746764028.5529027,95875.0,0
1746764028.5626717,-148154.0,0
1746764028.5728037,61821.0,0
1746764028.5835767,-73142.0,0
1746764028.5933642,-22837.0,0
1746764028.6034174,96671.0,0
1746764028.6128783,-145430.0,0
1746764028.6232004,57379.0,0
1746764028.6333878,-68090.0,0
1746764028.6436124,-26845.0,0
1746764028.653542,11616.0,0
1746764028.665727,13326.0,0
1746764028.6735628,-24447.0,0
1746764028.6840737,53853.0,0
1746764028.6996117,-63310.0,0
1746764028.7047255,52533.0,0
1746764028.716657,-32059.0,0
1746764028.7271173,-104633.0,0
1746764028.7366793,15720.0,0
1746764028.7448874,9078.0,0
1746764028.755028,-140030.0,0
1746764028.7641485,85494.0,0
1746764028.7745006,-156713.0,0
1746764028.78799,-36629.0,0
1746764028.7966177,-148048.0,0
1746764028.8058197,20302.0,0
1746764028.81846,-118721.0,0
1746764028.8252149,-16407.0,0
1746764028.8338969,-80640.0,0
1746764028.8444865,79776.0,0
1746764028.853624,-95495.0,0
1746764028.8639488,-194.0,0
1746764028.8745265,89810.0,0
1746764028.8852365,-50702.0,0
1746764028.8959308,-151722.0,0
1746764028.905999,96099.0,0
1746764028.9162507,-129364.0,0
1746764028.9233546,91442.0,0
1746764028.9357994,-46334.0,0
1746764028.9463258,-153180.0,0
1746764028.954159,95471.0,0
1746764028.9646952,-4481.0,0
1746764028.9743667,-152221.0,0
1746764028.9855835,-53591.0,0
1746764029.003598,36022.0,0
1746764029.013701,94762.0,0
1746764029.0239434,-37594.0,0
1746764029.0356967,-77347.0,0
1746764029.043672,92167.0,0
1746764029.0539715,-117998.0,0
1746764029.0640657,-102012.0,0
1746764029.0761235,-62339.0,0
1746764029.0839796,43712.0,0
1746764029.097283,-140053.0,0
1746764029.103676,96980.0,0
1746764029.1146345,-29320.0,0
1746764029.1232898,-66695.0,0
1746764029.136702,-26712.0,0
1746764029.1457477,11615.0,0
1746764029.1585388,-109968.0,0
1746764029.1670873,82571.0,0
1746764029.174593,-157370.0,0
1746764029.183667,85423.0,0
1746764029.1945121,15565.0,0
1746764029.2050982,-114022.0,0
1746764029.2163687,85353.0,0
1746764029.22364,-156438.0,0
1746764029.2332606,82901.0,0
1746764029.2441165,-101296.0,0
1746764029.2566197,-118108.0,0
1746764029.2642133,-17348.0,0
1746764029.276412,-79615.0,0
1746764029.2865534,80141.0,0
1746764029.2967353,-96514.0,0
1746764029.3089077,96916.0,0
1746764029.3146496,-134465.0,0
1746764029.3257985,41904.0,0
1746764029.3332987,-155232.0,0
1746764029.3448226,-43638.0,0
1746764029.3544402,96116.0,0
1746764029.3632312,-125140.0,0
1746764029.374162,37550.0,0
1746764029.3836954,-46949.0,0
1746764029.3936749,-48414.0,0
1746764029.4038515,31241.0,0
1746764029.4139585,-129070.0,0
1746764029.4255908,33026.0,0
1746764029.4346514,-42677.0,0
1746764029.4448922,-154721.0,0
1746764029.4550624,35079.0,0
1746764029.4638333,-132456.0,0
1746764029.4760866,94689.0,0
1746764029.4868557,72568.0,0
1746764029.4973872,-56474.0,0
1746764029.5068343,92986.0,0
1746764029.5146468,-135806.0,0
1746764029.5240083,95263.0,0
1746764029.5337033,-148896.0,0
1746764029.5443828,63293.0,0
1746764029.5537612,-74504.0,0
1746764029.5651429,-115183.0,0
1746764029.5746524,20540.0,0
1746764029.5844,-30577.0,0
1746764029.594751,-65018.0,0
1746764029.6047328,46481.0,0
1746764029.6144114,-141546.0,0
1746764029.6242313,96949.0,0
1746764029.6340852,-144614.0,0
1746764029.643811,56153.0,0
1746764029.6538777,-65968.0,0
1746764029.6648347,-29507.0,0
1746764029.6744812,14140.0,0
1746764029.6845386,-113115.0,0
1746764029.6944563,83942.0,0
1746764029.704776,-156449.0,0
1746764029.7145023,84006.0,0
1746764029.7242703,-102279.0,0
1746764029.736661,6868.0,0
1746764029.7454677,-138356.0,0
1746764029.7543852,-77872.0,0
1746764029.7643,-57000.0,0
1746764029.774186,-149032.0,0
1746764029.7856176,96933.0,0
1746764029.7946765,-14833.0,0
1746764029.8057907,-81964.0,0
1746764029.8158147,61311.0,0
1746764029.8283043,-93749.0,0
1746764029.8404567,-1470.0,0
1746764029.851508,-10853.0,0
1746764029.8588037,64651.0,0
1746764029.8644598,-152614.0,0
1746764029.8749113,29578.0,0
1746764029.8870642,92504.0,0
1746764029.8971913,34567.0,0
1746764029.9052749,71964.0,0
1746764029.9144223,-84603.0,0
1746764029.9245152,-131139.0,0
1746764029.9333117,94098.0,0
1746764029.9437604,-151729.0,0
1746764029.9545348,-54937.0,0
1746764029.963883,-80155.0,0
1746764029.975604,-120696.0,0
1746764029.984214,95408.0,0
1746764029.9946196,-36108.0,0
1746764030.003929,-59811.0,0
1746764030.0134134,41560.0,0
1746764030.023554,-116780.0,0
1746764030.0342817,22269.0,0
1746764030.0448766,77337.0,0
1746764030.053871,-156196.0,0
1746764030.0645916,89599.0,0
1746764030.073762,-112418.0,0
1746764030.0834472,17333.0,0
1746764030.0939813,-28566.0,0
1746764030.1060584,57316.0,0
1746764030.113807,49266.0,0
1746764030.12345,-143657.0,0
1746764030.135041,12425.0,0
1746764030.144477,-23708.0,0
1746764030.154484,-72397.0,0
1746764030.1647506,84737.0,0
1746764030.1738749,-103546.0,0
1746764030.1840913,8589.0,0
1746764030.193969,-20478.0,0
1746764030.204787,-76679.0,0
1746764030.2141304,-58495.0,0
1746764030.224858,-100180.0,0
1746764030.2346976,3789.0,0
1746764030.2437449,21412.0,0
1746764030.2538009,-13807.0,0
1746764030.2638068,146280.0,0
1746764030.2741966,-56053.0,0
1746764030.284416,86103.0,0
1746764030.2949739,70684.0,0
1746764030.3054705,-5191.0,0
1746764030.3139224,28067.0,0
1746764030.3236454,-76859.0,0
1746764030.3332534,65561.0,0
1746764030.3439305,57306.0,0
1746764030.3556554,-95544.0,0
1746764030.3646946,118354.0,0
1746764030.375388,-117851.0,0
1746764030.3867123,1807.0,0
1746764030.3956385,-7266.0,0
1746764030.4061432,-105691.0,0
1746764030.414781,-59215.0,0
1746764030.4243517,-78942.0,0
1746764030.4358764,52224.0,0
1746764030.4458032,-178095.0,0
1746764030.455502,-167057.0,0
1746764030.4652123,-4432.0,0
1746764030.4736047,-142062.0,0
1746764030.485614,-141085.0,0
1746764030.4959319,-148236.0,0
1746764030.50899,-141446.0,0
1746764030.5151653,-114076.0,0
1746764030.5242789,-375279.0,0
1746764030.534677,-156688.0,0
1746764030.5442078,-381489.0,0
1746764030.5542223,-264674.0,0
1746764030.5635786,-326191.0,0
1746764030.573839,-474241.0,0
1746764030.5845294,-238746.0,0
1746764030.596896,-441901.0,0
1746764030.604269,-327218.0,0
1746764030.6152306,-376877.0,0
1746764030.6250846,-522457.0,0
1746764030.635429,-294786.0,0
1746764030.6441255,-499987.0,0
1746764030.654505,-399914.0,0
1746764030.6636994,-344784.0,0
1746764030.6741087,-603463.0,0
1746764030.6852944,-382494.0,0
1746764030.693874,-579457.0,0
1746764030.7051675,-485758.0,0
1746764030.7169,-521443.0,0
1746764030.7250795,-594634.0,0
1746764030.7366903,-569021.0,0
1746764030.7449534,-623491.0,0
1746764030.7543921,-508480.0,0
1746764030.7659712,-494567.0,0
1746764030.7764258,-591187.0,0
1746764030.7838643,-326182.0,0
1746764030.7944705,-440063.0,0
1746764030.8041291,-289162.0,0
1746764030.8154259,-240613.0,0
1746764030.8249524,-348263.0,0
1746764030.8334248,-117693.0,0
1746764030.8443289,-119074.0,0
1746764030.8544328,-233321.0,0
1746764030.8647401,46144.0,0
1746764030.8738601,-133803.0,0
1746764030.8836608,149994.0,0
1746764030.893992,45915.0,0
1746764030.9090974,54417.0,0
1746764030.9153202,206353.0,0
1746764030.9237018,134160.0,0
1746764030.9346983,316190.0,0
1746764030.943354,304314.0,0
1746764030.9557388,135045.0,0
1746764030.9635937,268481.0,0
1746764030.9754865,106517.0,0
1746764030.986501,313750.0,0
1746764030.9956453,177001.0,0
1746764031.0038896,340525.0,0
1746764031.01353,258367.0,0
1746764031.0241194,152492.0,0
1746764031.0345802,323718.0,0
1746764031.0436277,202929.0,0
1746764031.0547316,252996.0,0
1746764031.063807,291239.0,0
1746764031.0751488,139861.0,0
1746764031.0844479,339188.0,0
1746764031.094045,213143.0,0
1746764031.1054485,120741.0,0
1746764031.1160223,269919.0,0
1746764031.1258981,132262.0,0
1746764031.1341054,319085.0,0
1746764031.1443646,159593.0,0
1746764031.1540112,169008.0,0
1746764031.16494,198837.0,0
1746764031.1737177,45776.0,0
1746764031.184279,205376.0,0
1746764031.193315,100355.0,0
1746764031.203648,117152.0,0
1746764031.214684,174991.0,0
1746764031.2237866,12745.0,0
1746764031.2341495,184884.0,0
1746764031.2451952,194756.0,0
1746764031.2545207,93284.0,0
1746764031.2692728,247810.0,0
1746764031.2774997,34512.0,0
1746764031.285586,261279.0,0
1746764031.298492,143113.0,0
1746764031.3054612,278749.0,0
1746764031.3137202,255495.0,0
1746764031.3262067,114338.0,0
1746764031.337493,302368.0,0
1746764031.3465536,126524.0,0
1746764031.3572946,147729.0,0
1746764031.3643534,341827.0,0
1746764031.3756144,192535.0,0
1746764031.3857908,413017.0,0
1746764031.39742,268693.0,0
1746764031.4121978,234602.0,0
1746764031.424026,99132.0,0
1746764031.4340262,291407.0,0
1746764031.4442706,120177.0,0
1746764031.4541502,74488.0,0
1746764031.4641774,148249.0,0
1746764031.4763772,-47319.0,0
1746764031.4842188,64954.0,0
1746764031.4957938,-8381.0,0
1746764031.5053895,-56722.0,0
1746764031.5143518,-75480.0,0
1746764031.5244267,-129649.0,0
1746764031.5340185,76533.0,0
1746764031.544206,-154624.0,0
1746764031.555738,-64088.0,0
1746764031.5646071,57577.0,0
1746764031.5734153,-126222.0,0
1746764031.5836675,37590.0,0
1746764031.5963597,-112946.0,0
1746764031.6049478,-125851.0,0
1746764031.6135077,78093.0,0
1746764031.623871,-119480.0,0
1746764031.6356173,124729.0,0
1746764031.6460996,22151.0,0
1746764031.656496,-14616.0,0
1746764031.6650863,15720.0,0
1746764031.6762042,4745.0,0
1746764031.6851075,127494.0,0
1746764031.6999235,530.0,0
1746764031.709373,84840.0,0
1746764031.7160864,245657.0,0
1746764031.7252214,58984.0,0
1746764031.7339027,319521.0,0
1746764031.7434359,97618.0,0
1746764031.755052,166470.0,0
1746764031.763902,357282.0,0
1746764031.7760434,205667.0,0
1746764031.783205,402485.0,0
1746764031.794762,295863.0,0
1746764031.8037653,209312.0,0
1746764031.8168974,351127.0,0
1746764031.82372,121154.0,0
1746764031.8342788,257520.0,0
1746764031.8437958,132450.0,0
1746764031.8540287,280417.0,0
1746764031.864106,187754.0,0
1746764031.8737044,164675.0,0
1746764031.885848,284133.0,0
1746764031.894377,43472.0,0
1746764031.9039845,178535.0,0
1746764031.9137237,-8669.0,0
1746764031.9250739,212879.0,0
1746764031.934752,-18328.0,0
1746764031.94446,228829.0,0
1746764031.9548998,17368.0,0
1746764031.9639878,234246.0,0
1746764031.9755116,-10967.0,0
1746764031.9845474,213247.0,0
1746764031.9932745,-27620.0,0
1746764032.004201,217167.0,0
1746764032.0148194,6950.0,0
1746764032.0232384,215004.0,0
1746764032.0352447,86496.0,0
1746764032.0470946,60687.0,0
1746764032.0556662,183054.0,0
1746764032.0635762,117306.0,0
1746764032.0750072,39910.0,0
1746764032.0842757,180215.0,0
1746764032.096211,60656.0,0
1746764032.1053128,243046.0,0
1746764032.1149545,258034.0,0
1746764032.1244323,187644.0,0
1746764032.1359482,334228.0,0
1746764032.1436968,107213.0,0
1746764032.154257,311824.0,0
1746764032.16338,329312.0,0
1746764032.1738596,182546.0,0
1746764032.1841297,296029.0,0
1746764032.1946752,379811.0,0
1746764032.20449,134054.0,0
1746764032.2151542,363079.0,0
1746764032.2245026,172462.0,0
1746764032.2335546,250655.0,0
1746764032.2441802,209226.0,0
1746764032.2549496,18598.0,0
1746764032.264745,208229.0,0
1746764032.2757144,103457.0,0
1746764032.2840426,-81304.0,0
1746764032.3015566,37546.0,0
1746764032.3059123,-79357.0,0
1746764032.3189225,-218857.0,0
1746764032.3250997,18714.0,0
1746764032.3344457,-78568.0,0
1746764032.3441896,-153643.0,0
1746764032.3539903,22639.0,0
1746764032.3639486,-112324.0,0
1746764032.374077,-125694.0,0
1746764032.3843493,137623.0,0
1746764032.3938062,63801.0,0
1746764032.4047139,9313.0,0
1746764032.415216,298130.0,0
1746764032.4241693,236250.0,0
1746764032.4340494,130069.0,0
1746764032.4437237,298582.0,0
1746764032.4541638,132718.0,0
1746764032.4642448,174815.0,0
1746764032.4738398,276615.0,0
1746764032.4845912,21194.0,0
1746764032.495684,83902.0,0
1746764032.5063493,81707.0,0
1746764032.514398,-47430.0,0
1746764032.5248508,57086.0,0
1746764032.534556,-20803.0,0
1746764032.544658,-85970.0,0
1746764032.5546691,-66463.0,0
1746764032.565928,-33096.0,0
1746764032.5762541,-199766.0,0
1746764032.584994,21984.0,0
1746764032.594729,-227919.0,0
1746764032.6052969,-108125.0,0
1746764032.6134,-51438.0,0
1746764032.6234426,-180615.0,0
1746764032.6337297,38144.0,0
1746764032.6446013,-84746.0,0
1746764032.6543994,-51623.0,0
1746764032.6640108,-102645.0,0
1746764032.6750133,-119932.0,0
1746764032.684792,74173.0,0
1746764032.6942759,-5820.0,0
1746764032.7042618,19397.0,0
1746764032.713894,107336.0,0
1746764032.7246618,-26290.0,0
1746764032.7344768,161807.0,0
1746764032.744065,89102.0,0
1746764032.7532868,105469.0,0
1746764032.763548,199542.0,0
1746764032.7740445,60901.0,0
1746764032.7845852,311452.0,0
1746764032.793543,100257.0,0
1746764032.803654,255119.0,0
1746764032.8145247,373466.0,0
1746764032.8242295,226563.0,0
1746764032.8337626,399181.0,0
1746764032.843742,330052.0,0
1746764032.8552134,204622.0,0
1746764032.8649695,433369.0,0
1746764032.8746176,191672.0,0
1746764032.8860593,301731.0,0
1746764032.8965163,210168.0,0
1746764032.9072113,64032.0,0
1746764032.9171984,257772.0,0
1746764032.9257815,101648.0,0
1746764032.9334846,316826.0,0
1746764032.9443808,78663.0,0
1746764032.954056,289796.0,0
1746764032.9645495,161393.0,0
1746764032.9735024,103511.0,0
1746764032.9848566,282037.0,0
1746764032.9937427,130023.0,0
1746764033.0049362,220297.0,0
1746764033.0137765,228797.0,0
1746764033.0258229,162023.0,0
1746764033.0338385,410284.0,0
1746764033.044355,295106.0,0
1746764033.0539823,243787.0,0
1746764033.0646696,368568.0,0
1746764033.074493,165815.0,0
1746764033.0843723,327835.0,0
1746764033.0954123,167935.0,0
1746764033.1036994,352820.0,0
1746764033.1154952,361178.0,0
1746764033.1247365,155571.0,0
1746764033.135988,307011.0,0
1746764033.146703,166677.0,0
1746764033.1556957,214293.0,0
1746764033.165056,238699.0,0
1746764033.1742818,244358.0,0
1746764033.1862667,307421.0,0
1746764033.1942334,266470.0,0
1746764033.2096858,317496.0,0
1746764033.215059,124132.0,0
1746764033.2277102,131829.0,0
1746764033.234075,366080.0,0
1746764033.244214,111233.0,0
1746764033.2572277,267616.0,0
1746764033.2644463,306072.0,0
1746764033.2819822,77447.0,0
1746764033.2948675,27474.0,0
1746764033.3046446,183317.0,0
1746764033.3145452,-16073.0,0
1746764033.3239715,-209609.0,0
1746764033.3338318,57736.0,0
1746764033.3447256,-153731.0,0
1746764033.3540628,-18522.0,0
1746764033.363393,-90975.0,0
1746764033.3743813,-230521.0,0
1746764033.3847044,1828.0,0
1746764033.3978586,-233769.0,0
1746764033.404093,-107032.0,0
1746764033.4172544,-161799.0,0
1746764033.4240355,-278775.0,0
1746764033.434114,-21946.0,0
1746764033.4448588,-220409.0,0
1746764033.4551475,-215781.0,0
1746764033.4646955,-137367.0,0
1746764033.4798715,-266417.0,0
1746764033.483482,-59637.0,0
1746764033.4956381,-218315.0,0
1746764033.50452,-96018.0,0
1746764033.5137017,-133137.0,0
1746764033.5258427,-266385.0,0
1746764033.5343368,-22974.0,0
1746764033.5447397,-213793.0,0
1746764033.5549054,-99482.0,0
1746764033.5655267,-22772.0,0
1746764033.5736063,-185384.0,0
1746764033.5853505,-26072.0,0
1746764033.5944262,-88432.0,0
1746764033.6085298,-246102.0,0
1746764033.6188395,-20154.0,0
1746764033.6248953,-189794.0,0
1746764033.6346378,-28846.0,0
1746764033.6447918,-204441.0,0
1746764033.657412,-232187.0,0
1746764033.6640031,-120663.0,0
1746764033.6740813,-194184.0,0
1746764033.687258,-31066.0,0
1746764033.6943371,-261744.0,0
1746764033.7044504,-12175.0,0
1746764033.7181685,-239224.0,0
1746764033.7265818,-198592.0,0
1746764033.7342756,-154728.0,0
1746764033.7443259,-262976.0,0
1746764033.7549303,-13449.0,0
1746764033.7643166,-234958.0,0
1746764033.7737064,-202776.0,0
1746764033.7852952,-39170.0,0
1746764033.7955217,-190591.0,0
1746764033.805344,-14675.0,0
1746764033.8144095,-108549.0,0
1746764033.8254108,-207430.0,0
1746764033.835355,-34097.0,0
1746764033.8432505,-265200.0,0
1746764033.8555174,-126748.0,0
1746764033.8641584,-104679.0,0
1746764033.8751967,-211310.0,0
1746764033.8835802,-31233.0,0
1746764033.8951497,-181473.0,0
1746764033.9040942,-17737.0,0
1746764033.916661,-100727.0,0
1746764033.9236019,-89951.0,0
1746764033.934488,-28397.0,0
1746764033.9437394,-267020.0,0
1746764033.9541025,-135538.0,0
1746764033.9645374,-96627.0,0
1746764033.9734542,-219156.0,0
1746764033.9836988,-26091.0,0
1746764033.994354,-172817.0,0
1746764034.0042377,-139552.0,0
1746764034.014603,-93049.0,0
1746764034.0251443,-222752.0,0
1746764034.0353403,-57772.0,0
1746764034.0451715,-168317.0,0
1746764034.0561612,-144406.0,0
1746764034.0658336,-11278.0,0
1746764034.0745876,-227080.0,0
1746764034.0860846,-188135.0,0
1746764034.0953755,-164247.0,0
1746764034.1050882,-148120.0,0
1746764034.1149974,-85087.0,0
1746764034.1249704,-231022.0,0
1746764034.1334066,-18865.0,0
1746764034.143821,-159671.0,0
1746764034.1549048,-260887.0,0
1746764034.1632845,-201280.0,0
1746764034.1737595,-112125.0,0
1746764034.185141,-70812.0,0
1746764034.1945603,-263122.0,0
1746764034.204666,-262561.0,0
1746764034.2156043,-76899.0,0
1746764034.2234552,-116699.0,0
1746764034.2360702,-14961.0,0
1746764034.2442348,-201441.0,0
1746764034.2553828,-37639.0,0
1746764034.2637029,-263497.0,0
1746764034.2754412,-13614.0,0
1746764034.284791,-232387.0,0
1746764034.295345,-13275.0,0
1746764034.3072412,-260250.0,0
1746764034.313623,-146697.0,0
1746764034.3235085,-165788.0,0
1746764034.3345346,-15836.0,0
1746764034.3448164,-227565.0,0
1746764034.3539743,-84384.0,0
1746764034.3641937,-257852.0,0
1746764034.3745728,-45117.0,0
1746764034.3839827,-182680.0,0
1746764034.393392,-129979.0,0
1746764034.4037828,-223859.0,0
1746764034.4156828,-214277.0,0
1746764034.4241624,-29026.0,0
1746764034.4364502,-178092.0,0
1746764034.445733,-251328.0,0
1746764034.4548378,-97648.0,0
1746764034.4639497,-218229.0,0
1746764034.4739459,-52977.0,0
1746764034.4851923,-57317.0,0
1746764034.4961233,-253684.0,0
1746764034.50373,-94028.0,0
1746764034.5165424,-250428.0,0
1746764034.5240104,-23890.0,0
1746764034.5336177,-265719.0,0
1746764034.544223,-142649.0,0
1746764034.5557628,-90322.0,0
1746764034.5650775,-225993.0,0
1746764034.5734727,-21284.0,0
1746764034.5836263,-265283.0,0
1746764034.59469,-147049.0,0
1746764034.6084402,-86266.0,0
1746764034.6143088,-11301.0,0
1746764034.6255987,-122871.0,0
1746764034.6337297,-191246.0,0
1746764034.6433165,-161650.0,0
1746764034.654897,-150875.0,0
1746764034.664002,-202985.0,0
1746764034.6747231,-110812.0,0
1746764034.6859586,-17516.0,0
1746764034.6945019,-263655.0,0
1746764034.7079806,-198197.0,0
1746764034.7144828,-12343.0,0
1746764034.7246723,-115167.0,0
1746764034.7341897,-199162.0,0
1746764034.7454753,-40129.0,0
1746764034.7562776,-75124.0,0
1746764034.7641227,-119116.0,0
1746764034.7735324,-111491.0,0
1746764034.784091,-260799.0,0
1746764034.7941918,-39240.0,0
1746764034.8049314,-71278.0,0
1746764034.8146412,-243349.0,0
1746764034.823839,-13192.0,0
1746764034.833845,-259451.0,0
1746764034.8434446,-167731.0,0
1746764034.8536777,-67120.0,0
1746764034.8635774,-246211.0,0
1746764034.8741035,-86263.0,0
1746764034.8847373,-140638.0,0
1746764034.8962224,-266164.0,0
1746764034.903805,-18385.0,0
1746764034.9142253,-222224.0,0
1746764034.9262505,-90999.0,0
1746764034.9343965,-216250.0,0
1746764034.943964,-27453.0,0
1746764034.9559264,-265790.0,0
1746764034.9640303,-59604.0,0
1746764034.9749985,-217372.0,0
1746764034.9848218,-95499.0,0
1746764034.9977736,-132502.0,0
1746764035.0055687,-54598.0,0
1746764035.0141103,-171187.0,0
1746764035.0257318,-213396.0,0
1746764035.0347378,-99783.0,0
1746764035.043843,-128546.0,0
1746764035.0551856,-167199.0,0
1746764035.0639293,-144834.0,0
1746764035.0739086,-88267.0,0
1746764035.0853636,-245765.0,0
1746764035.0939581,-62958.0,0
1746764035.1058855,-27981.0,0
1746764035.1143777,-259419.0,0
1746764035.1237154,-108815.0,0
1746764035.1349726,-17895.0,0
1746764035.143609,-193677.0,0
1746764035.154241,-31579.0,0
1746764035.1632116,-80083.0,0
1746764035.173989,-235454.0,0
1746764035.1847107,-71058.0,0
1746764035.193811,-41144.0,0
1746764035.2035244,-262583.0,0
1746764035.2137804,-117373.0,0
1746764035.2241073,-112810.0,0
1746764035.2337248,-261378.0,0
1746764035.2432873,-38177.0,0
1746764035.2538166,-72465.0,0
1746764035.2645402,-231497.0,0
1746764035.2748811,-80130.0,0
1746764035.2857008,-146545.0,0
1746764035.2938204,-264391.0,0
1746764035.3042116,-126071.0,0
1746764035.3202157,-12319.0,0
1746764035.3242967,-210189.0,0
1746764035.3351583,-31782.0,0
1746764035.346599,-182398.0,0
1746764035.3534012,-130171.0,0
1746764035.3640406,-101670.0,0
1746764035.3740869,-213757.0,0
1746764035.383751,-29010.0,0
1746764035.3946862,-266115.0,0
1746764035.4035702,-19632.0,0
1746764035.414619,-218935.0,0
1746764035.4237123,-217883.0,0
1746764035.4351957,-53031.0,0
1746764035.4441736,-265929.0,0
1746764035.4543622,-21746.0,0
1746764035.465416,-94276.0,0
1746764035.4741533,-221701.0,0
1746764035.4836395,-23980.0,0
1746764035.4933324,-265613.0,0
1746764035.5062635,-256118.0,0
1746764035.5154524,-90584.0,0
1746764035.5267658,-247812.0,0
1746764035.5340223,-60597.0,0
1746764035.5434382,-165500.0,0
1746764035.55421,-257404.0,0
1746764035.5644286,-10935.0,0
1746764035.5778196,-244422.0,0
1746764035.5867925,-20056.0,0
1746764035.594433,-190540.0,0
1746764035.6062484,-29594.0,0
1746764035.6137724,-82982.0,0
1746764035.6236875,-109864.0,0
1746764035.6345534,-68457.0,0
1746764035.6436472,-158192.0,0
1746764035.6539776,-154453.0,0
1746764035.664233,-79072.0,0
1746764035.6760118,-235985.0,0
1746764035.6844566,-16072.0,0
1746764035.6938102,-153476.0,0
1746764035.7042825,-35268.0,0
1746764035.7140193,-75368.0,0
1746764035.72291,-239361.0,0
1746764035.7331634,-76953.0,0
1746764035.7435825,-38886.0,0
1746764035.7531762,-71536.0,0
1746764035.7630882,-231086.0,0
1746764035.7730765,-259191.0,0
1746764035.786103,-264578.0,0
1746764035.7940905,-16123.0,0
1746764035.8029776,-104857.0,0
1746764035.8130524,-210552.0,0
1746764035.8231034,-31339.0,0
1746764035.832521,-181813.0,0
1746764035.842929,-130840.0,0
1746764035.8533754,-100907.0,0
1746764035.863007,-214474.0,0
1746764035.8728917,-28071.0,0
1746764035.882859,-177303.0,0
1746764035.8935196,-135096.0,0
1746764035.9035146,-96835.0,0
1746764035.9138951,-218198.0,0
1746764035.9262125,-134198.0,0
1746764035.9367137,-53616.0,0
1746764035.9449418,-179823.0,0
1746764035.9562502,-56470.0,0
1746764035.967241,-139680.0,0
1746764035.9750345,-253581.0,0
1746764035.9870584,-93041.0,0
1746764035.9979615,-10858.0,0
1746764036.00703,-222622.0,0
1746764036.0149841,-249755.0,0
1746764036.0259938,-57768.0,0
1746764036.0382774,-265528.0,0
1746764036.045586,-53050.0,0
1746764036.0559015,-256141.0,0
1746764036.0657027,-89165.0,0
1746764036.0768743,-226346.0,0
1746764036.0885167,-20695.0,0
1746764036.0937643,-187937.0,0
1746764036.104292,-49360.0,0
1746764036.1156263,-147756.0,0
1746764036.1244397,-10974.0,0
1746764036.135187,-230354.0,0
1746764036.1436155,-18805.0,0
1746764036.1566224,-45854.0,0
1746764036.1632402,-152160.0,0
1746764036.17359,-11786.0,0
1746764036.1843688,-118458.0,0
1746764036.1951334,-263196.0,0
1746764036.2033296,-156200.0,0
1746764036.2134864,-12800.0,0
1746764036.2235534,-15145.0,0
1746764036.233616,-39118.0,0
1746764036.2433429,-74271.0,0
1746764036.2539687,-110660.0,0
1746764036.2633507,-260292.0,0
1746764036.2731793,-263911.0,0
1746764036.2835577,-243422.0,0
1746764036.2943172,-207733.0,0
1746764036.3036652,-32852.0,0
1746764036.3133273,-66627.0,0
1746764036.3230965,-103124.0,0
1746764036.332833,-256686.0,0
1746764036.3428833,-46859.0,0
1746764036.3529541,-62971.0,0
1746764036.3625853,-249008.0,0
1746764036.3732662,-11499.0,0
1746764036.3835285,-254288.0,0
1746764036.3953354,-50979.0,0
1746764036.4035292,-59511.0,0
1746764036.4126608,-251766.0,0
1746764036.4239597,-95202.0,0
1746764036.4339116,-133293.0,0
1746764036.4429858,-54807.0,0
1746764036.452805,-55383.0,0
1746764036.463044,-253710.0,0
1746764036.4733984,-10323.0,0
1746764036.4834645,-249206.0,0
1746764036.49316,-58723.0,0
1746764036.502953,-52129.0,0
1746764036.512697,-256298.0,0
1746764036.522899,-10843.0,0
1746764036.534049,-246200.0,0
1746764036.5432603,-62251.0,0
1746764036.5542626,-48673.0,0
1746764036.563287,-258514.0,0
1746764036.5728676,-10835.0,0
1746764036.583548,-242932.0,0
1746764036.5933914,-67259.0,0
1746764036.6033027,-159096.0,0
1746764036.6133883,-260752.0,0
1746764036.6228485,-12013.0,0
1746764036.6331484,-239628.0,0
1746764036.6431243,-71307.0,0
1746764036.653271,-155544.0,0
1746764036.6628754,-261942.0,0
1746764036.6729944,-76758.0,0
1746764036.6837893,-235172.0,0
1746764036.6935532,-75681.0,0
1746764036.7031035,-151330.0,0
1746764036.7132828,-262858.0,0
1746764036.7243807,-13989.0,0
1746764036.7413182,-241823.0,0
1746764036.7443817,-231788.0,0
1746764036.7535255,-205716.0,0
1746764036.7631145,-35047.0,0
1746764036.773675,-68628.0,0
1746764036.7842934,-228030.0,0
1746764036.7969637,-12076.0,0
1746764036.803716,-209974.0,0
1746764036.8142538,-45130.0,0
1746764036.823243,-182423.0,0
1746764036.8334618,-223498.0,0
1746764036.8429487,-87917.0,0
1746764036.8541152,-29247.0,0
1746764036.862947,-173337.0,0
1746764036.8726723,-19123.0,0
1746764036.8829947,-220688.0,0
1746764036.8934824,-92811.0,0
1746764036.9029014,-135072.0,0
1746764036.912901,-177713.0,0
1746764036.9227204,-21005.0,0
1746764036.9325416,-216492.0,0
1746764036.9432895,-96927.0,0
1746764036.953504,-131368.0,0
1746764036.9628835,-265614.0,0
1746764036.9726615,-23325.0,0
1746764036.9832742,-212166.0,0
1746764036.993266,-101347.0,0
1746764037.00387,-127378.0,0
1746764037.0136142,-185923.0,0
1746764037.0226707,-26209.0,0
1746764037.0326712,-207876.0,0
1746764037.0430462,-105121.0,0
1746764037.0532503,-123720.0,0
1746764037.0631826,-190063.0,0
1746764037.0739374,-29449.0,0
1746764037.083394,-203360.0,0
1746764037.0945106,-109285.0,0
1746764037.1037068,-119822.0,0
1746764037.1129856,-193631.0,0
1746764037.122874,-44000.0,0
1746764037.132597,-199700.0,0
1746764037.1429455,-113587.0,0
1746764037.1533256,-116612.0,0
1746764037.1628757,-198315.0,0
1746764037.1740475,-35205.0,0
1746764037.1829734,-194756.0,0
1746764037.1937385,-118441.0,0
1746764037.2032185,-112330.0,0
1746764037.2139323,-261068.0,0
1746764037.2229233,-37368.0,0
1746764037.2326834,-190606.0,0
1746764037.244212,-122623.0,0
1746764037.2533748,-108560.0,0
1746764037.262848,-206337.0,0
1746764037.2729595,-34122.0,0
1746764037.2831366,-186294.0,0
1746764037.29377,-126607.0,0
1746764037.3034215,-104172.0,0
1746764037.3130035,-210489.0,0
1746764037.323032,-31092.0,0
1746764037.3332057,-264785.0,0
1746764037.342705,-130105.0,0
1746764037.3533251,-101034.0,0
1746764037.3631864,-214779.0,0
1746764037.3728871,-28186.0,0
1746764037.3843772,-265305.0,0
1746764037.3939345,-135099.0,0
1746764037.4029155,-97182.0,0
1746764037.4130085,-218127.0,0
1746764037.423913,-53173.0,0
1746764037.4331577,-265403.0,0
1746764037.4428349,-138945.0,0
1746764037.4529681,-93598.0,0
1746764037.463333,-222233.0,0
1746764037.473068,-23120.0,0
1746764037.4836237,-265349.0,0
1746764037.4937272,-142981.0,0
1746764037.5031846,-89618.0,0
1746764037.513047,-226005.0,0
1746764037.5228815,-21080.0,0
1746764037.5339296,-165446.0,0
1746764037.542797,-146973.0,0
1746764037.5530436,-85626.0,0
1746764037.5632868,-229171.0,0
1746764037.5731385,-18690.0,0
1746764037.5835447,-263985.0,0
1746764037.593563,-29574.0,0
1746764037.6032665,-81976.0,0
1746764037.6139808,-240420.0,0
1746764037.6230571,-16708.0,0
1746764037.6331246,-263339.0,0
1746764037.6439354,-155169.0,0
1746764037.652851,-77806.0,0
1746764037.6626937,-236367.0,0
1746764037.6732028,-15274.0,0
1746764037.6835063,-262287.0,0
1746764037.6934562,-36108.0,0
1746764037.70337,-73912.0,0
1746764037.7130578,-239619.0,0
1746764037.7227912,-13908.0,0
1746764037.7329457,-260343.0,0
1746764037.7430167,-39760.0,0
1746764037.7530432,-70874.0,0
1746764037.762648,-243067.0,0
1746764037.7729952,-13230.0,0
1746764037.7829795,-258135.0,0
1746764037.7931955,-43456.0,0
1746764037.8028724,-66834.0,0
1746764037.8128095,-246261.0,0
1746764037.823943,-11782.0,0
1746764037.8344033,-256351.0,0
1746764037.842892,-47134.0,0
1746764037.852894,-62922.0,0
1746764037.8627946,-249023.0,0
1746764037.872972,-11120.0,0
1746764037.883705,-254219.0,0
1746764037.8937223,-50312.0,0
1746764037.904578,-59980.0,0
1746764037.9130027,-251271.0,0
1746764037.9226432,-10616.0,0
1746764037.933009,-251495.0,0
1746764037.9430187,-53978.0,0
1746764037.9542878,-56334.0,0
1746764037.9629924,-253693.0,0
1746764037.9728057,-10348.0,0
1746764037.98306,-249443.0,0
1746764037.993442,-57716.0,0
1746764038.0031877,-168823.0,0
1746764038.0131795,-255423.0,0
1746764038.0230796,-10708.0,0
1746764038.032863,-246567.0,0
1746764038.04301,-61652.0,0
1746764038.0528944,-165091.0,0
1746764038.0631309,-257859.0,0
1746764038.0727353,-10678.0,0
1746764038.0833588,-243597.0,0
1746764038.0937777,-65310.0,0
1746764038.1029468,-160835.0,0
1746764038.1128962,-259399.0,0
1746764038.1230202,-11618.0,0
1746764038.1331928,-240915.0,0
1746764038.1429455,-69822.0,0
1746764038.153263,-157345.0,0
1746764038.1630263,-155048.0,0
1746764038.174264,-12242.0,0
1746764038.1840372,-237487.0,0
1746764038.1933758,-73562.0,0
1746764038.2055042,-39664.0,0
1746764038.2129095,-158832.0,0
1746764038.222838,-13050.0,0
1746764038.2329624,-234021.0,0
1746764038.2432315,-77436.0,0
1746764038.2531984,-149501.0,0
1746764038.2629187,-162884.0,0
1746764038.2727993,-14422.0,0
1746764038.283203,-230945.0,0
1746764038.29432,-81020.0,0
1746764038.3029883,-145879.0,0
1746764038.31395,-264025.0,0
1746764038.322703,-15904.0,0
1746764038.3329768,-226591.0,0
1746764038.3432102,-85240.0,0
1746764038.353152,-142443.0,0
1746764038.3630073,-170264.0,0
1746764038.3726988,-18136.0,0
1746764038.3836327,-223041.0,0
1746764038.3934846,-89746.0,0
1746764038.4034095,-138007.0,0
1746764038.4129038,-174712.0,0
1746764038.422733,-19696.0,0
1746764038.4327846,-219111.0,0
1746764038.4432366,-93408.0,0
1746764038.4530919,-134397.0,0
1746764038.4628909,-178896.0,0
1746764038.4739957,-21946.0,0
1746764038.4829109,-215547.0,0
1746764038.4953084,-97828.0,0
1746764038.5031457,-130391.0,0
1746764038.5139632,-265641.0,0
1746764038.5228806,-53551.0,0
1746764038.532884,-211489.0,0
1746764038.5426693,-102148.0,0
