timestamp,goniometer,recording_flag
1746659791.1397495,0.0,0
1746659791.1533802,192487.0,0
1746659791.1636834,192604.0,0
1746659791.1714923,192642.0,0
1746659791.1835382,192443.0,0
1746659791.194604,192364.0,0
1746659791.206151,192867.0,0
1746659791.214247,192807.0,0
1746659791.2217827,192437.0,0
1746659791.232435,192820.0,0
1746659791.2431102,193071.0,0
1746659791.2517452,193015.0,0
1746659791.2613475,193131.0,0
1746659791.273433,193133.0,0
1746659791.2827344,192965.0,0
1746659791.2954292,193037.0,0
1746659791.3022192,193351.0,0
1746659791.311484,193234.0,0
1746659791.3214478,193597.0,0
1746659791.3314464,193475.0,0
1746659791.3420372,193245.0,0
1746659791.35096,193601.0,0
1746659791.3616853,193432.0,0
1746659791.371048,193816.0,0
1746659791.3823965,193994.0,0
1746659791.391865,193809.0,0
1746659791.4025629,193820.0,0
1746659791.4114726,194019.0,0
1746659791.4216583,193791.0,0
1746659791.43162,193875.0,0
1746659791.4421947,193921.0,0
1746659791.4526064,193597.0,0
1746659791.462406,193581.0,0
1746659791.471256,193582.0,0
1746659791.4813576,193834.0,0
1746659791.4906898,193223.0,0
1746659791.501617,193427.0,0
1746659791.513328,193798.0,0
1746659791.5219805,193233.0,0
1746659791.5306463,193272.0,0
1746659791.5406618,193251.0,0
1746659791.551842,193526.0,0
1746659791.5608733,193651.0,0
1746659791.5716255,193299.0,0
1746659791.582804,193010.0,0
1746659791.5919106,193123.0,0
1746659791.6010003,192774.0,0
1746659791.6119277,192824.0,0
1746659791.621021,192330.0,0
1746659791.6317196,191434.0,0
1746659791.6414678,190961.0,0
1746659791.6511412,190328.0,0
1746659791.6627688,188940.0,0
1746659791.6716385,187738.0,0
1746659791.6824145,186415.0,0
1746659791.692086,185699.0,0
1746659791.702381,184223.0,0
1746659791.7116203,183402.0,0
1746659791.721416,182464.0,0
1746659791.7315044,181904.0,0
1746659791.7417364,181547.0,0
1746659791.752393,181156.0,0
1746659791.7615685,181053.0,0
1746659791.7717972,180853.0,0
1746659791.7833438,181082.0,0
1746659791.7914534,181082.0,0
1746659791.8016677,181270.0,0
1746659791.8110304,181544.0,0
1746659791.8211093,181688.0,0
1746659791.8316066,181665.0,0
1746659791.8410323,181771.0,0
1746659791.8511918,181966.0,0
1746659791.8614268,182332.0,0
1746659791.8708973,181956.0,0
1746659791.8819227,182315.0,0
1746659791.8906584,181972.0,0
1746659791.9014962,181562.0,0
1746659791.9113033,181381.0,0
1746659791.9219313,181389.0,0
1746659791.9318464,180846.0,0
1746659791.94131,181043.0,0
1746659791.95111,180605.0,0
1746659791.961517,180285.0,0
1746659791.9718838,179910.0,0
1746659791.9830596,180028.0,0
1746659791.9907575,179235.0,0
1746659792.0014055,179304.0,0
1746659792.011615,178764.0,0
1746659792.0221796,178395.0,0
1746659792.031127,178079.0,0
1746659792.0430863,177415.0,0
1746659792.0513234,177020.0,0
1746659792.061298,175846.0,0
1746659792.071855,175407.0,0
1746659792.0828235,175036.0,0
1746659792.091112,174464.0,0
1746659792.1007807,173028.0,0
1746659792.111803,173181.0,0
1746659792.124238,172890.0,0
1746659792.1314392,172512.0,0
1746659792.141405,171767.0,0
1746659792.1520329,171748.0,0
1746659792.1613803,171086.0,0
1746659792.1712599,170883.0,0
1746659792.1816807,169991.0,0
1746659792.1915412,169757.0,0
1746659792.2012448,169012.0,0
1746659792.210661,168887.0,0
1746659792.2216952,168518.0,0
1746659792.2313073,167956.0,0
1746659792.242017,167723.0,0
1746659792.250648,167480.0,0
1746659792.2609136,167069.0,0
1746659792.2718596,167016.0,0
1746659792.2807834,167274.0,0
1746659792.2914808,166533.0,0
1746659792.3013234,166694.0,0
1746659792.3119116,166351.0,0
1746659792.321032,166480.0,0
1746659792.3309557,166769.0,0
1746659792.3424609,166097.0,0
1746659792.352116,165910.0,0
1746659792.361622,166125.0,0
1746659792.370815,165636.0,0
1746659792.3826044,165794.0,0
1746659792.390908,165764.0,0
1746659792.4017594,165928.0,0
1746659792.411702,166065.0,0
1746659792.423197,165736.0,0
1746659792.4312198,165623.0,0
1746659792.441547,165165.0,0
1746659792.452723,165252.0,0
1746659792.4606998,165387.0,0
1746659792.4711423,165152.0,0
1746659792.4827766,164858.0,0
1746659792.4908395,164578.0,0
1746659792.501622,164454.0,0
1746659792.5117612,164353.0,0
1746659792.521527,163792.0,0
1746659792.5314093,164007.0,0
1746659792.5422819,164045.0,0
1746659792.5542195,164112.0,0
1746659792.5614116,163993.0,0
1746659792.5712893,163619.0,0
1746659792.585234,163684.0,0
1746659792.5941684,163502.0,0
1746659792.6045303,163735.0,0
1746659792.6112735,163849.0,0
1746659792.622415,163282.0,0
1746659792.6315796,163170.0,0
1746659792.6409154,163146.0,0
1746659792.6514618,163067.0,0
1746659792.6636245,162727.0,0
1746659792.6717217,162796.0,0
1746659792.6848032,162705.0,0
1746659792.6915636,162438.0,0
1746659792.7021682,162602.0,0
1746659792.7109125,162260.0,0
1746659792.7209244,161792.0,0
1746659792.7316601,161407.0,0
1746659792.7411535,161360.0,0
1746659792.7515602,161009.0,0
1746659792.7611444,160872.0,0
1746659792.7717726,160382.0,0
1746659792.7820508,160159.0,0
1746659792.7913003,160350.0,0
1746659792.801441,159630.0,0
1746659792.8109848,159878.0,0
1746659792.8221657,159198.0,0
1746659792.8311005,159073.0,0
1746659792.841784,159055.0,0
1746659792.8536036,158896.0,0
1746659792.861134,158984.0,0
1746659792.8726444,158796.0,0
1746659792.8837512,158693.0,0
1746659792.8914707,159292.0,0
1746659792.9014616,158716.0,0
1746659792.911714,158845.0,0
1746659792.9217598,158736.0,0
1746659792.930651,158915.0,0
1746659792.9406366,158642.0,0
1746659792.9525099,158972.0,0
1746659792.9617715,159355.0,0
1746659792.9713893,159245.0,0
1746659792.9826076,159211.0,0
1746659792.9920993,159302.0,0
1746659793.000877,159131.0,0
1746659793.0119517,159121.0,0
1746659793.020986,159161.0,0
1746659793.0310228,159653.0,0
1746659793.0426924,159368.0,0
1746659793.0512273,159379.0,0
1746659793.0619383,159741.0,0
1746659793.0714781,159495.0,0
1746659793.0809188,159457.0,0
1746659793.09075,159068.0,0
1746659793.1016452,158900.0,0
1746659793.1118526,159187.0,0
1746659793.1219757,159270.0,0
1746659793.1317196,158875.0,0
1746659793.1416109,158914.0,0
1746659793.1526,158622.0,0
1746659793.1617222,158609.0,0
1746659793.1734302,158665.0,0
1746659793.1834977,158399.0,0
1746659793.1907265,158936.0,0
1746659793.2006216,158907.0,0
1746659793.2108228,158504.0,0
1746659793.2226105,158498.0,0
1746659793.233001,158461.0,0
1746659793.2406855,158852.0,0
1746659793.2522662,158629.0,0
1746659793.2612486,158510.0,0
1746659793.271599,158827.0,0
1746659793.2809477,158870.0,0
1746659793.291142,158798.0,0
1746659793.3014858,158669.0,0
1746659793.3116868,159123.0,0
1746659793.3221164,159080.0,0
1746659793.3308463,158786.0,0
1746659793.3410242,158968.0,0
1746659793.3514419,158741.0,0
1746659793.3618648,159105.0,0
1746659793.3729415,159054.0,0
1746659793.3823497,158844.0,0
1746659793.3913221,159143.0,0
1746659793.4032633,159247.0,0
1746659793.4116879,158855.0,0
1746659793.4218159,159222.0,0
1746659793.4310427,159332.0,0
1746659793.4415097,159002.0,0
1746659793.45271,158913.0,0
1746659793.4608345,159310.0,0
1746659793.4735584,159011.0,0
1746659793.4831908,159261.0,0
1746659793.4914765,159224.0,0
1746659793.5014546,159005.0,0
1746659793.5116353,159504.0,0
1746659793.5213077,159303.0,0
1746659793.53147,159447.0,0
1746659793.5408373,159561.0,0
1746659793.5525324,159293.0,0
1746659793.5606751,159562.0,0
1746659793.571286,158959.0,0
1746659793.5824175,159341.0,0
1746659793.5908794,159255.0,0
1746659793.601437,159515.0,0
1746659793.611563,159488.0,0
1746659793.6218786,159424.0,0
1746659793.6315842,159655.0,0
1746659793.6419313,159562.0,0
1746659793.6512914,159961.0,0
1746659793.6628716,160222.0,0
1746659793.672225,159873.0,0
1746659793.681432,159860.0,0
1746659793.6912744,160026.0,0
1746659793.7014446,159783.0,0
1746659793.711705,160312.0,0
1746659793.720704,160137.0,0
1746659793.7314358,159881.0,0
1746659793.7427404,159864.0,0
1746659793.7510111,160122.0,0
1746659793.7608075,160161.0,0
1746659793.778808,160126.0,0
1746659793.7842233,160217.0,0
1746659793.791741,160480.0,0
1746659793.8011177,160147.0,0
1746659793.8107488,160499.0,0
1746659793.821967,160297.0,0
1746659793.831015,160514.0,0
1746659793.841275,160418.0,0
1746659793.8525095,160255.0,0
1746659793.861828,160242.0,0
1746659793.8718994,160083.0,0
1746659793.8831866,160123.0,0
1746659793.891315,159930.0,0
1746659793.9020426,159987.0,0
1746659793.9106486,159772.0,0
1746659793.9216511,159633.0,0
1746659793.931068,159896.0,0
1746659793.9418607,159724.0,0
1746659793.9511945,159970.0,0
1746659793.9614289,159828.0,0
1746659793.9728386,159555.0,0
1746659793.9809613,159838.0,0
1746659793.9919121,159724.0,0
1746659794.000815,159582.0,0
1746659794.0116882,159710.0,0
1746659794.0219927,159513.0,0
1746659794.0307107,159086.0,0
1746659794.041753,159688.0,0
1746659794.0513198,159428.0,0
1746659794.0620563,159487.0,0
1746659794.0723696,159691.0,0
1746659794.081357,159697.0,0
1746659794.0916996,159211.0,0
1746659794.1025965,159721.0,0
1746659794.1109848,159808.0,0
1746659794.1220906,159580.0,0
1746659794.1315658,159285.0,0
1746659794.141324,160024.0,0
1746659794.1519701,160147.0,0
1746659794.1642406,160066.0,0
1746659794.1756337,160166.0,0
1746659794.185747,160220.0,0
1746659794.1945832,160206.0,0
1746659794.2031891,160158.0,0
1746659794.213483,160400.0,0
1746659794.2212107,160075.0,0
1746659794.23115,160917.0,0
1746659794.241955,160678.0,0
1746659794.2520287,160944.0,0
1746659794.261971,160991.0,0
1746659794.2715702,160934.0,0
1746659794.281285,161400.0,0
1746659794.2914782,161197.0,0
1746659794.3014853,161210.0,0
1746659794.3112447,161452.0,0
1746659794.3220701,161763.0,0
1746659794.3306763,161434.0,0
1746659794.3413541,161725.0,0
1746659794.3517292,161656.0,0
1746659794.3615198,162436.0,0
1746659794.3712375,161590.0,0
1746659794.3824294,162334.0,0
1746659794.3907564,162401.0,0
1746659794.400995,161992.0,0
1746659794.4119408,-4276546.0,0
1746659794.4231033,162405.0,0
1746659794.4314368,162000.0,0
1746659794.441581,162489.0,0
1746659794.4525013,162326.0,0
1746659794.4617019,162384.0,0
1746659794.4718568,162178.0,0
1746659794.481313,162604.0,0
1746659794.490766,162704.0,0
1746659794.5015051,163139.0,0
1746659794.5118983,162704.0,0
1746659794.522025,162515.0,0
1746659794.5313632,162870.0,0
1746659794.5415423,162671.0,0
1746659794.5512338,162814.0,0
1746659794.5617602,162754.0,0
1746659794.5716138,162526.0,0
1746659794.58248,162656.0,0
1746659794.5914645,162651.0,0
1746659794.6006246,162646.0,0
1746659794.6119595,162540.0,0
1746659794.623133,162489.0,0
1746659794.6322045,162306.0,0
1746659794.641706,162403.0,0
1746659794.6531575,162314.0,0
1746659794.6617029,162278.0,0
1746659794.6714742,162308.0,0
1746659794.6816576,161846.0,0
1746659794.691542,162327.0,0
1746659794.7014961,162348.0,0
1746659794.711979,162305.0,0
1746659794.7214348,162301.0,0
1746659794.7309196,162365.0,0
1746659794.741458,162109.0,0
1746659794.7543511,161824.0,0
1746659794.7618122,162353.0,0
1746659794.7714481,161978.0,0
1746659794.781656,161668.0,0
1746659794.7910051,161768.0,0
1746659794.8015754,161482.0,0
1746659794.811554,161344.0,0
1746659794.8218966,161895.0,0
1746659794.8319905,160854.0,0
1746659794.8412302,161159.0,0
1746659794.8511772,160658.0,0
1746659794.8607702,160699.0,0
1746659794.870918,160841.0,0
1746659794.8809013,160453.0,0
1746659794.890742,160272.0,0
1746659794.9012768,160198.0,0
1746659794.9116216,160119.0,0
1746659794.9217696,159787.0,0
1746659794.9317906,159390.0,0
1746659794.9418468,159205.0,0
1746659794.952262,158686.0,0
1746659794.961742,158411.0,0
1746659794.9714022,158609.0,0
1746659794.982308,158291.0,0
1746659794.9913857,158155.0,0
1746659795.0017383,157906.0,0
1746659795.0108197,157937.0,0
1746659795.0217826,157601.0,0
1746659795.0320034,157438.0,0
1746659795.042011,157395.0,0
1746659795.0520463,157194.0,0
1746659795.0620782,157649.0,0
1746659795.071111,157093.0,0
1746659795.0812738,157215.0,0
1746659795.0924268,156839.0,0
1746659795.1019485,156822.0,0
1746659795.111563,156865.0,0
1746659795.120636,156546.0,0
1746659795.1313808,156353.0,0
1746659795.1412761,156015.0,0
1746659795.1621468,156191.0,0
1746659795.175578,155829.0,0
1746659795.1817694,155583.0,0
1746659795.192021,155488.0,0
1746659795.2013984,155429.0,0
1746659795.21418,155031.0,0
1746659795.2213054,155006.0,0
1746659795.23097,155034.0,0
1746659795.24164,154539.0,0
1746659795.2520208,154033.0,0
1746659795.2608507,153802.0,0
1746659795.2715042,153263.0,0
1746659795.283844,153101.0,0
1746659795.2915828,152948.0,0
1746659795.3015506,152576.0,0
1746659795.3115056,152216.0,0
1746659795.3220062,151896.0,0
1746659795.3319333,152050.0,0
1746659795.341925,151621.0,0
1746659795.3508947,151641.0,0
1746659795.3616602,151559.0,0
1746659795.3716183,151550.0,0
1746659795.3806217,151601.0,0
1746659795.3914945,151193.0,0
1746659795.4019616,151468.0,0
1746659795.411774,151463.0,0
1746659795.422067,151552.0,0
1746659795.4314783,151675.0,0
1746659795.4418716,151545.0,0
1746659795.4521646,151238.0,0
1746659795.4620671,151287.0,0
1746659795.4706275,151100.0,0
1746659795.4807286,151345.0,0
1746659795.4916377,151541.0,0
1746659795.501828,151324.0,0
1746659795.511892,151630.0,0
1746659795.521999,151090.0,0
1746659795.5314453,151505.0,0
1746659795.5415156,151244.0,0
1746659795.5531945,151373.0,0
1746659795.5696924,151783.0,0
1746659795.5740736,151812.0,0
1746659795.5819755,151527.0,0
1746659795.5919433,151409.0,0
1746659795.6027913,151398.0,0
1746659795.6109214,151754.0,0
1746659795.6214936,151456.0,0
1746659795.6317477,151837.0,0
1746659795.6405952,151926.0,0
1746659795.6530197,151553.0,0
1746659795.662136,152084.0,0
1746659795.6720836,151847.0,0
1746659795.6840277,151875.0,0
1746659795.6915605,151989.0,0
1746659795.701899,152202.0,0
1746659795.7121012,154502.0,0
1746659795.7224066,156977.0,0
1746659795.7335782,159736.0,0
1746659795.7416012,162377.0,0
1746659795.7530155,164312.0,0
1746659795.7625062,166618.0,0
1746659795.7711506,167433.0,0
1746659795.7822218,170527.0,0
1746659795.7923074,173981.0,0
1746659795.8014753,176494.0,0
1746659795.8114836,179790.0,0
1746659795.8218157,182460.0,0
1746659795.832073,184085.0,0
1746659795.8420155,186873.0,0
1746659795.8519716,188421.0,0
1746659795.867642,190382.0,0
1746659795.8733158,191648.0,0
1746659795.8826227,193140.0,0
1746659795.891291,195725.0,0
1746659795.9013934,196639.0,0
1746659795.9115677,197912.0,0
1746659795.922375,199644.0,0
1746659795.932089,200468.0,0
1746659795.9415696,201281.0,0
1746659795.9528553,202147.0,0
1746659795.9617386,203234.0,0
1746659795.971612,203802.0,0
1746659795.9811845,204574.0,0
1746659795.9926286,205774.0,0
1746659796.000663,206187.0,0
1746659796.0116591,207940.0,0
1746659796.022763,208100.0,0
1746659796.0313542,208815.0,0
1746659796.0417771,209588.0,0
1746659796.0522366,210092.0,0
1746659796.061526,210460.0,0
1746659796.0712333,210636.0,0
1746659796.0814252,210820.0,0
1746659796.0914307,210835.0,0
1746659796.1021738,211275.0,0
1746659796.111126,211090.0,0
1746659796.1214356,210757.0,0
1746659796.1329846,210982.0,0
1746659796.1414409,210865.0,0
1746659796.1529577,210319.0,0
1746659796.1608942,209590.0,0
1746659796.175131,209578.0,0
1746659796.1826463,209578.0,0
1746659796.1913426,209165.0,0
1746659796.2016232,208787.0,0
1746659796.2112887,208383.0,0
1746659796.2224135,207797.0,0
1746659796.2312086,206372.0,0
1746659796.2414365,205074.0,0
1746659796.251032,204353.0,0
1746659796.2618473,202501.0,0
1746659796.2717123,201522.0,0
1746659796.2817786,200431.0,0
1746659796.2919009,199286.0,0
1746659796.3016574,197798.0,0
1746659796.3120983,195390.0,0
1746659796.321915,194173.0,0
1746659796.3307912,192370.0,0
1746659796.342376,190011.0,0
1746659796.3517487,188519.0,0
1746659796.3609881,185853.0,0
1746659796.3727143,184204.0,0
1746659796.3820496,182517.0,0
1746659796.391239,181193.0,0
1746659796.4022653,178395.0,0
1746659796.4127524,175853.0,0
1746659796.4214287,173068.0,0
1746659796.431144,171191.0,0
1746659796.4412014,169002.0,0
1746659796.4521356,166831.0,0
1746659796.4618094,163981.0,0
1746659796.4730098,161873.0,0
1746659796.4820566,158843.0,0
1746659796.4914873,155552.0,0
1746659796.5016043,151838.0,0
1746659796.512359,149350.0,0
1746659796.521794,147079.0,0
1746659796.5321412,144626.0,0
1746659796.542495,142051.0,0
1746659796.5521848,139755.0,0
1746659796.5680385,135875.0,0
1746659796.5717478,134808.0,0
1746659796.581758,133004.0,0
1746659796.5921977,130145.0,0
1746659796.6031694,127262.0,0
1746659796.611188,125770.0,0
1746659796.6238322,121672.0,0
1746659796.6326985,119716.0,0
1746659796.6416068,117254.0,0
1746659796.6526046,113983.0,0
1746659796.663332,110836.0,0
1746659796.6708264,110237.0,0
1746659796.681631,107417.0,0
1746659796.6932442,107034.0,0
1746659796.7039597,102885.0,0
1746659796.7121491,100933.0,0
1746659796.7221043,97968.0,0
1746659796.7327015,95367.0,0
1746659796.7420216,93106.0,0
1746659796.7531292,91951.0,0
1746659796.7628028,90186.0,0
1746659796.7726877,88453.0,0
1746659796.78274,86100.0,0
1746659796.7926297,84876.0,0
1746659796.801825,82397.0,0
1746659796.8121328,80638.0,0
1746659796.8217394,79289.0,0
1746659796.832225,77868.0,0
1746659796.8421671,76767.0,0
1746659796.8541431,75608.0,0
1746659796.8645604,74928.0,0
1746659796.8745015,74072.0,0
1746659796.88302,73329.0,0
1746659796.8915446,72910.0,0
1746659796.9018278,71847.0,0
1746659796.911402,71464.0,0
1746659796.9222307,71347.0,0
1746659796.931453,70605.0,0
1746659796.9415364,70586.0,0
1746659796.952566,69509.0,0
1746659796.962709,69402.0,0
1746659796.9717062,69562.0,0
1746659796.9820065,69171.0,0
1746659796.9919865,69229.0,0
1746659797.0016973,69309.0,0
1746659797.0117614,69698.0,0
1746659797.0220559,69408.0,0
1746659797.0313199,69244.0,0
1746659797.0412352,69254.0,0
1746659797.051988,69391.0,0
1746659797.061549,69269.0,0
1746659797.0713508,69628.0,0
1746659797.0826585,69926.0,0
1746659797.0907805,70437.0,0
1746659797.102815,70787.0,0
1746659797.1123075,70894.0,0
1746659797.1235409,71594.0,0
1746659797.1314862,71650.0,0
1746659797.1441453,72312.0,0
1746659797.1574109,73170.0,0
1746659797.1626825,73393.0,0
1746659797.1720405,75117.0,0
1746659797.1810012,76764.0,0
1746659797.1920424,77798.0,0
1746659797.201531,79679.0,0
1746659797.2107983,82023.0,0
1746659797.221592,84281.0,0
1746659797.2312315,86400.0,0
1746659797.24126,88208.0,0
1746659797.2534065,91261.0,0
1746659797.2617807,92582.0,0
1746659797.271853,95000.0,0
1746659797.2818189,97600.0,0
1746659797.2918973,100036.0,0
1746659797.300997,102671.0,0
1746659797.3127391,105310.0,0
1746659797.3223774,107127.0,0
1746659797.3314457,109490.0,0
1746659797.3410084,111530.0,0
1746659797.3515909,115060.0,0
1746659797.3610356,119196.0,0
1746659797.3712642,121675.0,0
1746659797.3817766,124205.0,0
1746659797.3909688,126768.0,0
1746659797.4026248,130677.0,0
1746659797.4120073,133508.0,0
1746659797.421593,137764.0,0
1746659797.4311993,140878.0,0
1746659797.4417212,143704.0,0
1746659797.4511132,145305.0,0
1746659797.461122,149301.0,0
1746659797.4741213,154456.0,0
1746659797.4817398,155846.0,0
1746659797.491369,159158.0,0
1746659797.501454,161594.0,0
1746659797.5112615,164846.0,0
1746659797.5215504,169907.0,0
1746659797.5316877,172306.0,0
1746659797.5416956,174804.0,0
1746659797.5518343,176530.0,0
1746659797.5614038,179000.0,0
1746659797.5779886,181435.0,0
1746659797.5832021,182350.0,0
1746659797.5915828,184419.0,0
1746659797.6020398,186759.0,0
1746659797.6120577,188802.0,0
1746659797.6212516,190133.0,0
1746659797.6313322,192033.0,0
1746659797.6421118,193268.0,0
1746659797.651212,194559.0,0
1746659797.6631918,196188.0,0
1746659797.671472,196985.0,0
1746659797.681552,198349.0,0
1746659797.6912386,199116.0,0
1746659797.7009652,199858.0,0
1746659797.7111092,200842.0,0
1746659797.721489,201186.0,0
1746659797.7310898,201512.0,0
1746659797.7411096,202216.0,0
1746659797.7519734,201830.0,0
1746659797.7615397,201988.0,0
1746659797.7712958,201877.0,0
1746659797.7824104,201374.0,0
1746659797.7910528,201548.0,0
1746659797.8011796,201630.0,0
1746659797.8115933,201498.0,0
1746659797.8213887,200728.0,0
1746659797.8312614,200084.0,0
1746659797.8413062,199654.0,0
1746659797.8513205,198841.0,0
1746659797.8627381,197741.0,0
1746659797.8728087,197097.0,0
1746659797.8829775,195876.0,0
1746659797.8922062,194747.0,0
1746659797.9020507,192377.0,0
1746659797.9115283,191618.0,0
1746659797.922251,190128.0,0
1746659797.93291,189007.0,0
1746659797.941802,187204.0,0
1746659797.951557,185793.0,0
1746659797.9607797,183814.0,0
1746659797.973339,182221.0,0
1746659797.9821675,180484.0,0
1746659797.9920604,178457.0,0
1746659798.001973,175863.0,0
1746659798.0118303,173636.0,0
1746659798.0221946,172013.0,0
1746659798.032163,169648.0,0
1746659798.041967,167403.0,0
1746659798.052312,165274.0,0
1746659798.062082,162238.0,0
1746659798.071615,159333.0,0
1746659798.0816073,156778.0,0
1746659798.0911,154191.0,0
1746659798.1013048,150929.0,0
1746659798.1117005,148620.0,0
1746659798.1220534,145104.0,0
1746659798.1316686,142097.0,0
1746659798.1421926,137929.0,0
1746659798.1529667,135036.0,0
1746659798.1626904,131972.0,0
1746659798.172083,129717.0,0
1746659798.1816487,128023.0,0
1746659798.1915915,124187.0,0
1746659798.2014859,120127.0,0
1746659798.2114713,117248.0,0
1746659798.2208798,114188.0,0
1746659798.2311673,112317.0,0
1746659798.2407339,108901.0,0
1746659798.2534065,105175.0,0
1746659798.2618587,102086.0,0
1746659798.2726567,99005.0,0
1746659798.2818882,96832.0,0
1746659798.2914653,95383.0,0
1746659798.3020964,91850.0,0
1746659798.3116148,89149.0,0
1746659798.322378,85223.0,0
1746659798.3313956,83212.0,0
1746659798.3420222,80984.0,0
1746659798.3521035,80118.0,0
1746659798.3615174,78523.0,0
1746659798.3761098,77777.0,0
1746659798.3827007,76485.0,0
1746659798.3927155,75039.0,0
1746659798.402903,73529.0,0
1746659798.4126048,72235.0,0
1746659798.4216557,70150.0,0
1746659798.4315553,68800.0,0
1746659798.441098,67266.0,0
1746659798.4529605,66503.0,0
1746659798.461584,65338.0,0
1746659798.474835,63831.0,0
1746659798.4816678,62703.0,0
1746659798.491055,61980.0,0
1746659798.502507,61119.0,0
1746659798.510953,60876.0,0
1746659798.5218074,60232.0,0
1746659798.5318322,59701.0,0
1746659798.5415645,59061.0,0
1746659798.5531788,59187.0,0
1746659798.5612257,59066.0,0
1746659798.5710838,59214.0,0
1746659798.5824668,59060.0,0
1746659798.5912795,59263.0,0
1746659798.6012337,59247.0,0
1746659798.6122327,59691.0,0
1746659798.621907,60094.0,0
1746659798.6327708,60435.0,0
1746659798.6418786,61024.0,0
1746659798.6552007,61239.0,0
1746659798.6618803,62346.0,0
1746659798.6709423,63405.0,0
1746659798.6815567,64444.0,0
1746659798.6919682,66059.0,0
1746659798.702059,68075.0,0
1746659798.7117083,70627.0,0
1746659798.7212572,73087.0,0
1746659798.731383,74978.0,0
1746659798.7416854,77584.0,0
1746659798.7521405,78992.0,0
1746659798.7618973,81718.0,0
1746659798.7737036,83437.0,0
1746659798.781726,85135.0,0
1746659798.7917638,86796.0,0
1746659798.8022404,89823.0,0
1746659798.8111923,92248.0,0
1746659798.8221025,95452.0,0
1746659798.8321223,98798.0,0
1746659798.8426094,101371.0,0
1746659798.8523958,103896.0,0
1746659798.8620453,107646.0,0
1746659798.8717008,109962.0,0
1746659798.8827715,114568.0,0
1746659798.8916473,116460.0,0
1746659798.901311,119797.0,0
1746659798.9111931,123575.0,0
1746659798.9226472,127731.0,0
1746659798.9329927,131520.0,0
1746659798.9437408,135471.0,0
1746659798.95355,139462.0,0
1746659798.9614563,142061.0,0
1746659798.9732761,144776.0,0
1746659798.983332,147251.0,0
1746659798.9915483,149922.0,0
1746659799.0023463,153193.0,0
1746659799.0114746,157701.0,0
1746659799.0218785,161099.0,0
1746659799.0320156,163162.0,0
1746659799.041255,165381.0,0
1746659799.0520172,167330.0,0
1746659799.061301,171548.0,0
1746659799.0715277,173468.0,0
1746659799.081477,177144.0,0
1746659799.0918388,179243.0,0
1746659799.1026657,181543.0,0
1746659799.1114297,182970.0,0
1746659799.1219068,185077.0,0
1746659799.1314929,187668.0,0
1746659799.1422296,190428.0,0
1746659799.1517904,191246.0,0
1746659799.161127,192401.0,0
1746659799.171271,194024.0,0
1746659799.1817787,195492.0,0
1746659799.1910095,196917.0,0
1746659799.2018096,198312.0,0
1746659799.212017,199882.0,0
1746659799.2219586,200748.0,0
1746659799.2318852,201314.0,0
1746659799.2407775,202871.0,0
1746659799.2526062,203306.0,0
1746659799.261823,204235.0,0
1746659799.2730265,205011.0,0
1746659799.2821665,205436.0,0
1746659799.2914581,205961.0,0
1746659799.3008096,206554.0,0
1746659799.3118649,207244.0,0
1746659799.322416,206680.0,0
1746659799.3311672,207281.0,0
1746659799.3419251,207069.0,0
1746659799.3518949,207174.0,0
1746659799.3612962,206330.0,0
1746659799.3721952,206594.0,0
1746659799.3821962,207013.0,0
1746659799.3924518,206111.0,0
1746659799.4012697,205982.0,0
1746659799.4112957,205165.0,0
1746659799.421759,204019.0,0
1746659799.4314344,203020.0,0
1746659799.44225,202919.0,0
1746659799.4532614,201903.0,0
1746659799.4619677,200530.0,0
1746659799.4721472,199716.0,0
1746659799.4833343,198351.0,0
1746659799.4920502,197613.0,0
1746659799.5023513,195601.0,0
1746659799.5112226,194384.0,0
1746659799.5211499,192966.0,0
1746659799.5315259,190560.0,0
1746659799.5409317,188969.0,0
1746659799.5527914,187204.0,0
1746659799.5618992,185415.0,0
1746659799.571899,183239.0,0
1746659799.5819156,180612.0,0
1746659799.590809,178803.0,0
1746659799.6011817,176326.0,0
1746659799.61125,174579.0,0
1746659799.6225743,171865.0,0
1746659799.6309218,169298.0,0
1746659799.641314,166873.0,0
1746659799.651912,164180.0,0
1746659799.663875,161847.0,0
1746659799.6729364,160219.0,0
1746659799.6815565,158080.0,0
1746659799.6914475,155066.0,0
1746659799.7016215,151900.0,0
1746659799.712247,148390.0,0
1746659799.7229261,146084.0,0
1746659799.73227,143633.0,0
1746659799.741659,140701.0,0
1746659799.75309,137968.0,0
1746659799.7617698,135859.0,0
1746659799.7715771,133454.0,0
1746659799.781131,129926.0,0
1746659799.791776,126793.0,0
1746659799.8020532,123886.0,0
1746659799.8112092,121957.0,0
1746659799.8212757,119234.0,0
1746659799.8320684,117007.0,0
1746659799.8417645,113918.0,0
1746659799.8521428,110985.0,0
1746659799.8622599,107421.0,0
1746659799.8718655,105034.0,0
1746659799.8819902,103488.0,0
1746659799.8919258,101449.0,0
1746659799.9011993,98693.0,0
1746659799.9114163,94737.0,0
1746659799.9229276,91499.0,0
1746659799.9309778,89955.0,0
1746659799.9413517,87897.0,0
1746659799.9515343,86568.0,0
1746659799.9619293,85057.0,0
1746659799.9716125,83056.0,0
1746659799.9823322,81333.0,0
1746659799.9916272,78709.0,0
1746659800.0016017,77506.0,0
1746659800.0119722,76055.0,0
1746659800.0216312,75218.0,0
1746659800.0316994,74229.0,0
1746659800.0486782,72549.0,0
1746659800.0525477,72549.0,0
1746659800.0619931,71324.0,0
1746659800.0711875,70199.0,0
1746659800.0817838,69134.0,0
1746659800.096275,68880.0,0
1746659800.1011178,68691.0,0
1746659800.1116347,68319.0,0
1746659800.1232345,67605.0,0
1746659800.1316442,66960.0,0
1746659800.1419857,67012.0,0
1746659800.1549332,67213.0,0
1746659800.1635919,67284.0,0
1746659800.1732454,66961.0,0
1746659800.1817331,67064.0,0
1746659800.1923556,67274.0,0
1746659800.200969,67847.0,0
1746659800.2143,68231.0,0
1746659800.2231038,68866.0,0
1746659800.2320592,69589.0,0
1746659800.2415063,70310.0,0
1746659800.2524629,71261.0,0
1746659800.261791,72314.0,0
1746659800.2718632,73317.0,0
1746659800.2816231,75411.0,0
1746659800.2940695,77155.0,0
1746659800.3019145,79048.0,0
1746659800.3121867,81634.0,0
1746659800.3218286,83161.0,0
1746659800.3318584,85382.0,0
1746659800.3409092,87077.0,0
1746659800.3515058,90041.0,0
1746659800.3628647,92578.0,0
1746659800.374603,94211.0,0
1746659800.3824987,97242.0,0
1746659800.3915963,100219.0,0
1746659800.4017854,104009.0,0
1746659800.4118648,107865.0,0
1746659800.4221706,109902.0,0
1746659800.431914,112339.0,0
1746659800.4425955,116621.0,0
1746659800.4543664,118547.0,0
1746659800.4624996,120645.0,0
1746659800.4719226,124518.0,0
1746659800.4809635,126955.0,0
1746659800.4924977,130571.0,0
1746659800.5022395,133450.0,0
1746659800.512527,137576.0,0
1746659800.5223072,141331.0,0
1746659800.5318456,145448.0,0
1746659800.542372,148003.0,0
1746659800.553941,151410.0,0
1746659800.5624967,153911.0,0
1746659800.5722945,156990.0,0
1746659800.5822902,160755.0,0
1746659800.591562,164754.0,0
1746659800.6037507,168569.0,0
1746659800.6113563,170593.0,0
1746659800.6226425,173014.0,0
1746659800.6316376,174544.0,0
1746659800.6407404,178104.0,0
1746659800.6527205,182474.0,0
1746659800.6610372,184582.0,1
1746659800.6713097,185535.0,1
1746659800.6823559,187619.0,1
1746659800.6919105,189830.0,1
1746659800.7046728,192045.0,1
1746659800.7119536,193376.0,1
1746659800.7225342,195321.0,1
1746659800.7320464,197072.0,1
1746659800.7420301,199605.0,1
1746659800.7534063,202637.0,1
1746659800.761933,203504.0,1
1746659800.7776544,205087.0,1
1746659800.781478,205087.0,1
1746659800.791233,206997.0,1
1746659800.8025362,208264.0,1
1746659800.8127713,209696.0,1
1746659800.8219218,211065.0,1
1746659800.8327112,211978.0,1
1746659800.841995,212477.0,1
1746659800.851796,213360.0,1
1746659800.8618057,214312.0,1
1746659800.8715522,215023.0,1
1746659800.8820646,215660.0,1
1746659800.893186,216413.0,1
1746659800.902571,216738.0,1
1746659800.9132667,216608.0,1
1746659800.9232337,217653.0,1
1746659800.9330497,217987.0,1
1746659800.9415665,218024.0,1
1746659800.9524074,217799.0,1
1746659800.9612925,217343.0,1
1746659800.9737961,217292.0,1
1746659800.9811995,217226.0,1
1746659800.9916766,216450.0,1
1746659801.002121,216048.0,1
1746659801.0120912,214804.0,1
1746659801.0216398,213998.0,1
1746659801.0312026,212739.0,1
1746659801.041159,211719.0,1
1746659801.0516384,210173.0,1
1746659801.062175,208233.0,1
1746659801.0736725,207135.0,1
1746659801.0812733,205804.0,1
1746659801.0910811,203884.0,1
1746659801.1022596,202130.0,1
1746659801.1107666,200233.0,1
1746659801.1216588,197703.0,1
1746659801.1315317,196184.0,1
1746659801.1421366,194007.0,1
1746659801.1515346,192136.0,1
1746659801.1615815,190248.0,1
1746659801.1714864,189110.0,1
1746659801.1824064,186152.0,1
1746659801.1916642,184139.0,1
1746659801.2015407,181571.0,1
1746659801.2118595,178609.0,1
1746659801.2217987,175543.0,1
1746659801.2319317,173360.0,1
1746659801.2430193,169876.0,1
1746659801.2515252,168124.0,1
1746659801.2625613,166083.0,1
1746659801.272526,164447.0,1
1746659801.2814784,162168.0,1
1746659801.2913966,159699.0,1
1746659801.3009992,157192.0,1
1746659801.312237,154177.0,1
1746659801.3229005,150447.0,1
1746659801.3315396,147772.0,1
1746659801.341264,145461.0,1
1746659801.3526108,142792.0,1
1746659801.3622234,139278.0,1
1746659801.371285,136637.0,1
1746659801.3824735,132315.0,1
1746659801.3910298,130056.0,1
1746659801.402786,128394.0,1
1746659801.4118872,127136.0,1
1746659801.4221363,125612.0,1
1746659801.4330232,123043.0,1
1746659801.4416437,121133.0,1
1746659801.4519625,118484.0,1
1746659801.461746,115457.0,1
1746659801.4715548,112295.0,1
1746659801.481879,109185.0,1
1746659801.4914901,105713.0,1
1746659801.5025682,103805.0,1
1746659801.5136256,100416.0,1
1746659801.5209916,98133.0,1
1746659801.5313632,96989.0,1
1746659801.542594,95484.0,1
1746659801.5525107,93023.0,1
1746659801.5615396,90491.0,1
1746659801.5709112,87972.0,1
1746659801.581259,84750.0,1
1746659801.5912595,82594.0,1
1746659801.6017566,80912.0,1
1746659801.6116238,79608.0,1
1746659801.6217453,78607.0,1
1746659801.6320856,77025.0,1
1746659801.6420631,75409.0,1
1746659801.6542552,75443.0,1
1746659801.661916,74904.0,1
1746659801.6745665,74859.0,1
1746659801.6837096,73962.0,1
1746659801.6916537,74110.0,1
1746659801.7013,73681.0,1
1746659801.712929,73129.0,1
1746659801.726985,73289.0,1
1746659801.7361357,73600.0,1
1746659801.7428272,73685.0,1
1746659801.7519166,73626.0,1
1746659801.7612805,73621.0,1
1746659801.7740448,73527.0,1
1746659801.781888,73989.0,1
1746659801.793038,74824.0,1
1746659801.802112,74937.0,1
1746659801.8119042,76068.0,1
1746659801.822865,77121.0,1
1746659801.8317864,78146.0,1
1746659801.8418458,79254.0,1
1746659801.8509853,80391.0,1
1746659801.8611097,82517.0,1
1746659801.8716314,84283.0,1
1746659801.881572,86705.0,1
1746659801.8921888,88686.0,1
1746659801.90205,91510.0,1
1746659801.911716,94200.0,1
1746659801.9215915,97040.0,1
1746659801.931343,100112.0,1
1746659801.9412618,103878.0,1
1746659801.9539976,108054.0,1
1746659801.9615064,110759.0,1
1746659801.9718187,112511.0,1
1746659801.9816477,114375.0,1
1746659801.9912298,117589.0,1
1746659802.0027878,121375.0,1
1746659802.0119367,125183.0,1
1746659802.0227268,129851.0,1
1746659802.0310378,132636.0,1
1746659802.0421584,136100.0,1
1746659802.0517309,138319.0,1
1746659802.0619583,140790.0,1
1746659802.0710661,142732.0,1
1746659802.0815809,147210.0,1
1746659802.0917194,151248.0,1
1746659802.1020308,153575.0,1
1746659802.1119034,154923.0,1
1746659802.1227648,157354.0,1
1746659802.13358,160165.0,1
1746659802.1419587,162811.0,1
1746659802.1526449,165836.0,1
1746659802.1621993,168889.0,1
1746659802.171287,170773.0,1
1746659802.1814091,173675.0,1
1746659802.19166,176917.0,1
1746659802.20184,181191.0,1
1746659802.2117949,184999.0,1
1746659802.2222855,188595.0,1
1746659802.2311866,190476.0,1
1746659802.242247,192748.0,1
1746659802.2529314,194713.0,1
1746659802.265494,196523.0,1
1746659802.271844,198305.0,1
1746659802.2813263,200478.0,1
1746659802.2923207,202396.0,1
1746659802.3021424,203679.0,1
1746659802.3113344,205019.0,1
1746659802.3209872,206342.0,1
1746659802.3314254,208309.0,1
1746659802.342532,209900.0,1
1746659802.3521304,210364.0,1
1746659802.3622534,211499.0,1
1746659802.3716214,212558.0,1
1746659802.381884,213040.0,1
1746659802.3932345,214400.0,1
1746659802.4013698,215015.0,1
1746659802.411636,216057.0,1
1746659802.4223094,216926.0,1
1746659802.4321795,217484.0,1
1746659802.441247,217377.0,1
1746659802.451446,217655.0,1
1746659802.461609,217601.0,1
1746659802.4741323,217654.0,1
1746659802.4809704,217894.0,1
1746659802.4921758,217554.0,1
1746659802.5015557,217829.0,1
1746659802.511483,217576.0,1
1746659802.5223641,216888.0,1
1746659802.533277,216289.0,1
1746659802.5420747,215366.0,1
1746659802.5533814,214964.0,1
1746659802.5622,214580.0,1
1746659802.572437,213997.0,1
1746659802.5819657,213150.0,1
1746659802.59108,211545.0,1
1746659802.6014414,210500.0,1
1746659802.6113102,209353.0,1
1746659802.6215138,207684.0,1
1746659802.6312704,206955.0,1
1746659802.643157,205032.0,1
1746659802.652718,204083.0,1
1746659802.6618843,202352.0,1
1746659802.671889,200775.0,1
1746659802.6834846,198405.0,1
1746659802.6932154,197008.0,1
1746659802.7027178,194357.0,1
1746659802.7123978,192450.0,1
1746659802.7221925,190257.0,1
1746659802.7324631,188058.0,1
1746659802.7422354,185809.0,1
1746659802.7524998,183786.0,1
1746659802.7624044,181717.0,1
1746659802.7722783,179220.0,1
1746659802.7818964,177840.0,1
1746659802.7922504,173425.0,1
1746659802.8021405,172007.0,1
1746659802.8159664,170086.0,1
1746659802.827151,168234.0,1
1746659802.835905,167683.0,1
1746659802.8424187,165578.0,1
1746659802.8540075,162458.0,1
1746659802.868301,158958.0,1
1746659802.8724797,157314.0,1
1746659802.881616,155354.0,1
1746659802.891958,151157.0,1
1746659802.9014726,148664.0,1
1746659802.911374,145350.0,1
1746659802.921439,141254.0,1
1746659802.9314632,137510.0,1
1746659802.94133,134933.0,1
1746659802.9512794,131463.0,1
1746659802.9679604,129044.0,1
1746659802.9732087,125480.0,1
1746659802.9835343,123043.0,1
1746659802.991461,120056.0,1
1746659803.0021825,116962.0,1
1746659803.011037,114673.0,1
1746659803.0214505,111259.0,1
1746659803.0317268,108408.0,1
1746659803.041955,105536.0,1
1746659803.0513272,103399.0,1
1746659803.0651693,101055.0,1
1746659803.0734606,99238.0,1
1746659803.082595,98390.0,1
1746659803.091541,96849.0,1
1746659803.1015787,93895.0,1
1746659803.1135657,92508.0,1
1746659803.1220782,91455.0,1
1746659803.1333108,90555.0,1
1746659803.142282,89973.0,1
1746659803.1534274,89631.0,1
1746659803.163135,88629.0,1
1746659803.173745,87303.0,1
1746659803.1820552,86563.0,1
1746659803.1920993,86122.0,1
1746659803.2024057,85199.0,1
1746659803.2112765,85419.0,1
1746659803.2215726,84950.0,1
1746659803.2317176,84787.0,1
1746659803.2425485,84514.0,1
1746659803.2524817,84220.0,1
1746659803.2614613,83937.0,1
1746659803.2721047,84266.0,1
1746659803.28295,84109.0,1
1746659803.2923713,84071.0,1
1746659803.3024185,84189.0,1
1746659803.311465,84307.0,1
1746659803.3233187,84664.0,1
1746659803.3310695,85205.0,1
1746659803.3412757,86225.0,1
1746659803.3514843,86783.0,1
1746659803.3616936,87572.0,1
1746659803.3716319,89022.0,1
1746659803.381275,89991.0,1
1746659803.391761,91140.0,1
1746659803.4016438,93715.0,1
1746659803.4114058,95963.0,1
1746659803.421041,97886.0,1
1746659803.4316163,101467.0,1
1746659803.441993,105030.0,1
1746659803.452919,108040.0,1
1746659803.4657192,110313.0,1
1746659803.4715679,112720.0,1
1746659803.4813554,116265.0,1
1746659803.4915714,121502.0,1
1746659803.5026722,124435.0,1
1746659803.5121355,126852.0,1
1746659803.5229807,130284.0,1
1746659803.5315645,131994.0,1
1746659803.5417652,136974.0,1
1746659803.5528755,141672.0,1
1746659803.564292,144569.0,1
1746659803.5723162,146857.0,1
1746659803.5818062,150337.0,1
1746659803.5909472,153220.0,1
1746659803.6016693,159231.0,1
1746659803.6130147,163947.0,1
1746659803.6231253,167727.0,1
1746659803.6320105,170376.0,1
1746659803.6424634,174202.0,1
1746659803.6527352,177497.0,1
1746659803.6648817,181176.0,1
1746659803.6725276,183438.0,1
1746659803.682952,186691.0,1
1746659803.691264,187945.0,1
1746659803.703577,190548.0,1
1746659803.7109108,192160.0,1
1746659803.721198,195856.0,1
1746659803.7311838,198991.0,1
1746659803.7408242,202459.0,1
1746659803.7532234,204409.0,1
1746659803.7608535,206304.0,1
1746659803.7710474,207684.0,1
1746659803.7825623,210328.0,1
1746659803.7918782,212695.0,1
1746659803.8019369,214976.0,1
1746659803.8126764,215869.0,1
1746659803.823425,217147.0,1
1746659803.8316767,217717.0,1
1746659803.8423944,219557.0,1
1746659803.8522131,220808.0,1
1746659803.8643475,222342.0,1
1746659803.8719404,223100.0,1
1746659803.8826408,224293.0,1
1746659803.8914669,224993.0,1
1746659803.9016788,226249.0,1
1746659803.9114585,227011.0,1
1746659803.921946,228415.0,1
1746659803.9309351,229022.0,1
1746659803.941328,229879.0,1
1746659803.9524555,230495.0,1
1746659803.9647496,230182.0,1
1746659803.9717593,230349.0,1
1746659803.981423,230806.0,1
1746659803.9914823,231372.0,1
1746659804.0015025,230746.0,1
1746659804.011528,230796.0,1
1746659804.021374,230598.0,1
1746659804.0317078,230202.0,1
1746659804.0426426,229493.0,1
1746659804.0527287,229087.0,1
1746659804.065689,228558.0,1
1746659804.0731611,228262.0,1
1746659804.0826328,227415.0,1
1746659804.0922954,226065.0,1
1746659804.102161,225620.0,1
1746659804.111773,224007.0,1
1746659804.1213143,222530.0,1
1746659804.1325192,222086.0,1
1746659804.1421397,220743.0,1
1746659804.1516144,218501.0,1
1746659804.1611476,216820.0,1
1746659804.1725109,215157.0,1
1746659804.1816306,213538.0,1
1746659804.1910934,211527.0,1
1746659804.2019658,208453.0,1
1746659804.2113278,205957.0,1
1746659804.2221227,203107.0,1
1746659804.2326732,200115.0,1
1746659804.241392,196489.0,1
1746659804.2520115,193689.0,1
1746659804.2614088,191270.0,1
1746659804.2723057,189386.0,1
1746659804.2822227,187880.0,1
1746659804.2912123,185670.0,1
1746659804.302742,182502.0,1
1746659804.3116856,178456.0,1
1746659804.3217723,175547.0,1
1746659804.3316493,172594.0,1
1746659804.3422306,168438.0,1
1746659804.3537714,165595.0,1
1746659804.3629246,163471.0,1
1746659804.3726723,161243.0,1
1746659804.3862202,159231.0,1
1746659804.3927324,157415.0,1
1746659804.40148,154392.0,1
1746659804.412222,150544.0,1
1746659804.4213297,147053.0,1
1746659804.4321036,144943.0,1
1746659804.4417398,141243.0,1
1746659804.4589894,137321.0,1
1746659804.4629846,136556.0,1
1746659804.4725559,133551.0,1
1746659804.4817848,130558.0,1
1746659804.491069,126372.0,1
1746659804.501887,122510.0,1
1746659804.51211,119334.0,1
1746659804.5213382,116609.0,1
1746659804.5314565,112929.0,1
1746659804.5416946,108889.0,1
1746659804.5522783,105619.0,1
1746659804.5632794,103462.0,1
1746659804.5721726,102788.0,1
1746659804.582495,100741.0,1
1746659804.5916166,98600.0,1
1746659804.6018455,95492.0,1
1746659804.6121,92506.0,1
1746659804.623045,90802.0,1
1746659804.632362,89389.0,1
1746659804.6419911,88014.0,1
1746659804.6530406,87129.0,1
1746659804.6612132,85906.0,1
1746659804.6713128,84274.0,1
1746659804.68114,83125.0,1
1746659804.692786,82301.0,1
1746659804.7035244,81894.0,1
1746659804.713328,81331.0,1
1746659804.722338,80638.0,1
1746659804.7329698,80321.0,1
1746659804.741693,80078.0,1
1746659804.7528977,79811.0,1
1746659804.7617936,79705.0,1
1746659804.7714598,79825.0,1
1746659804.7829964,79376.0,1
1746659804.7926083,79665.0,1
1746659804.8015501,79626.0,1
1746659804.810841,79997.0,1
1746659804.8230414,80661.0,1
1746659804.8323,80927.0,1
1746659804.8430533,81442.0,1
1746659804.8532922,82614.0,1
1746659804.8630402,83063.0,1
1746659804.8721027,84023.0,1
1746659804.8813515,84826.0,1
1746659804.8908455,86001.0,1
1746659804.9019191,88854.0,1
1746659804.9109566,90529.0,1
1746659804.9222937,93892.0,1
1746659804.9317098,95823.0,1
1746659804.9414124,98817.0,1
1746659804.952869,102660.0,1
1746659804.962154,103461.0,1
1746659804.9709072,105706.0,1
1746659804.9828608,110354.0,1
1746659804.9927533,113909.0,1
1746659805.0026581,116948.0,1
1746659805.0122125,118808.0,1
1746659805.0231488,122640.0,1
1746659805.03148,124284.0,1
1746659805.0428295,127451.0,1
1746659805.0545301,131304.0,1
1746659805.061752,135299.0,1
1746659805.071657,137477.0,1
1746659805.0817182,141241.0,1
1746659805.0931547,144447.0,1
1746659805.102113,147412.0,1
1746659805.1118762,151001.0,1
1746659805.1236098,154172.0,1
1746659805.1333356,157227.0,1
1746659805.1418905,159234.0,1
1746659805.1532998,161491.0,1
1746659805.1615438,164923.0,1
1746659805.1715562,167209.0,1
1746659805.1834173,170728.0,1
1746659805.191028,173723.0,1
1746659805.2014725,176737.0,1
1746659805.2112355,178662.0,1
1746659805.2228925,181328.0,1
1746659805.2321682,184653.0,1
1746659805.2417257,187326.0,1
1746659805.2517147,189801.0,1
1746659805.2620683,191963.0,1
1746659805.2717383,193275.0,1
1746659805.282233,195143.0,1
1746659805.2912002,196898.0,1
1746659805.3011994,200048.0,1
1746659805.3119063,202234.0,1
1746659805.3218472,203888.0,1
1746659805.3314183,204741.0,1
1746659805.344835,206908.0,1
1746659805.3531382,207826.0,1
1746659805.36172,209075.0,1
1746659805.3714733,210510.0,1
1746659805.3814578,211696.0,1
1746659805.3909664,212395.0,1
1746659805.4011722,213211.0,1
1746659805.4112844,213819.0,1
1746659805.4214277,214557.0,1
1746659805.4318,215037.0,1
1746659805.4417136,214703.0,1
1746659805.4520445,214978.0,1
1746659805.461474,214624.0,1
1746659805.471808,214663.0,1
1746659805.4819677,215193.0,1
1746659805.4918954,214554.0,1
1746659805.5020127,213965.0,1
1746659805.51171,214101.0,1
1746659805.5213494,213626.0,1
1746659805.5314987,212510.0,1
1746659805.5426407,211797.0,1
1746659805.5519884,211064.0,1
1746659805.5633554,210425.0,1
1746659805.5726569,210021.0,1
1746659805.582165,208131.0,1
1746659805.5922947,206159.0,1
1746659805.6007175,205553.0,1
1746659805.611228,203665.0,1
1746659805.6214757,202292.0,1
1746659805.6317565,200745.0,1
1746659805.6416328,199284.0,1
1746659805.6523402,196858.0,1
1746659805.6640813,195644.0,1
1746659805.6720734,193803.0,1
1746659805.6815784,191856.0,1
1746659805.6921592,188745.0,1
1746659805.701313,187201.0,1
1746659805.7114625,184031.0,1
1746659805.7209008,182222.0,1
1746659805.7313495,179861.0,1
1746659805.7415266,177194.0,1
1746659805.7526588,175361.0,1
1746659805.7639413,172506.0,1
1746659805.7717361,171266.0,1
1746659805.7814002,168495.0,1
1746659805.7915013,165157.0,1
1746659805.8019428,161895.0,1
1746659805.8121264,158319.0,1
1746659805.8222535,155764.0,1
1746659805.8316796,152493.0,1
1746659805.8418255,150330.0,1
1746659805.8536153,147217.0,1
1746659805.8612807,145299.0,1
1746659805.8715603,143143.0,1
1746659805.8813498,139189.0,1
1746659805.891295,135337.0,1
1746659805.902098,131171.0,1
1746659805.9119198,126851.0,1
1746659805.9207802,125519.0,1
1746659805.9315817,121485.0,1
1746659805.9421437,117513.0,1
1746659805.9521968,115813.0,1
1746659805.9662921,112343.0,1
1746659805.9732747,110459.0,1
1746659805.9810462,107936.0,1
1746659805.991466,104664.0,1
1746659806.002232,100790.0,1
1746659806.0123847,98553.0,1
1746659806.0219727,96983.0,1
1746659806.0314476,95362.0,1
1746659806.0412512,93300.0,1
1746659806.0511587,90967.0,1
1746659806.0633502,88353.0,1
1746659806.0719314,86496.0,1
1746659806.081881,84993.0,1
1746659806.092005,83328.0,1
1746659806.1026974,82504.0,1
1746659806.1121557,81027.0,1
1746659806.1222146,80002.0,1
1746659806.131458,78127.0,1
1746659806.1411552,77568.0,1
1746659806.1512272,76835.0,1
1746659806.1619658,76858.0,1
1746659806.1718178,76327.0,1
1746659806.181466,76288.0,1
1746659806.1911454,76022.0,1
1746659806.2012026,75461.0,1
1746659806.2126315,75456.0,1
1746659806.2216363,75345.0,1
1746659806.2338872,76021.0,1
1746659806.2416759,75937.0,1
1746659806.2524507,76434.0,1
1746659806.2634914,77074.0,1
1746659806.2734933,77084.0,1
1746659806.2819169,77416.0,1
1746659806.2932146,78078.0,1
1746659806.3021626,79327.0,1
1746659806.3118432,80216.0,1
1746659806.3214118,81277.0,1
1746659806.331715,82846.0,1
1746659806.341643,84071.0,1
1746659806.3514676,85674.0,1
1746659806.3649213,88140.0,1
1746659806.3743372,90423.0,1
1746659806.3808627,91665.0,1
1746659806.391495,94214.0,1
1746659806.4025912,95470.0,1
1746659806.412059,97761.0,1
1746659806.4229157,99926.0,1
1746659806.4313822,101862.0,1
1746659806.4426804,106775.0,1
1746659806.4525893,109482.0,1
1746659806.4642022,113325.0,1
1746659806.4733236,117136.0,1
1746659806.4825284,120548.0,1
1746659806.4920385,123715.0,1
1746659806.502582,127635.0,1
1746659806.5111377,130788.0,1
1746659806.521558,135934.0,1
1746659806.531431,138979.0,1
1746659806.5414658,142885.0,1
1746659806.5529532,144838.0,1
1746659806.5671892,147355.0,1
1746659806.5714312,149307.0,1
1746659806.5817516,151689.0,1
1746659806.5921154,155563.0,1
1746659806.6021626,157746.0,1
1746659806.6109622,161116.0,1
1746659806.6218839,164512.0,1
1746659806.6318946,167787.0,1
1746659806.6414032,172317.0,1
1746659806.651364,174922.0,1
1746659806.6642482,178090.0,1
1746659806.6717315,179930.0,1
1746659806.6812434,182806.0,1
1746659806.6924014,187354.0,1
1746659806.7019472,190868.0,1
1746659806.7117736,193342.0,1
1746659806.7211187,196334.0,1
1746659806.7318528,199314.0,1
1746659806.7422884,202120.0,1
1746659806.7528307,204325.0,1
1746659806.7641227,206004.0,1
1746659806.7727814,207325.0,1
1746659806.7824333,208803.0,1
1746659806.791174,209697.0,1
1746659806.8019195,211285.0,1
1746659806.8114066,212964.0,1
1746659806.8223212,214698.0,1
1746659806.8314488,215478.0,1
1746659806.8424082,216466.0,1
1746659806.8518617,216628.0,1
1746659806.8614328,217608.0,1
1746659806.8711877,218091.0,1
1746659806.881454,218725.0,1
1746659806.8916633,218359.0,1
1746659806.9024642,219319.0,1
1746659806.9116347,219323.0,1
1746659806.9214718,219315.0,1
1746659806.9318957,219110.0,1
1746659806.942744,219126.0,1
1746659806.953647,219054.0,1
1746659806.9661047,219027.0,1
1746659806.971358,218617.0,1
1746659806.9825382,217649.0,1
1746659806.9915643,217164.0,1
1746659807.0018146,216340.0,1
1746659807.0119462,215514.0,1
1746659807.0222838,214610.0,1
1746659807.031294,213194.0,1
1746659807.0425684,211412.0,1
1746659807.0520082,209819.0,1
1746659807.0652208,208548.0,1
1746659807.071006,207584.0,1
1746659807.0821955,204838.0,1
1746659807.0911934,203773.0,1
1746659807.102412,201297.0,1
1746659807.1112967,199070.0,1
1746659807.1212783,197407.0,1
1746659807.1336617,195873.0,1
1746659807.1425638,194741.0,1
1746659807.1532838,192961.0,1
1746659807.1649075,190766.0,1
1746659807.1729615,189106.0,1
1746659807.1824484,187350.0,1
1746659807.1929433,184534.0,1
1746659807.2019086,181801.0,1
1746659807.2130442,178299.0,1
1746659807.2224853,176092.0,1
1746659807.2320914,173007.0,1
1746659807.2420318,169863.0,1
1746659807.2538915,167737.0,1
1746659807.267591,165268.0,1
1746659807.2724538,164479.0,1
1746659807.2825458,161624.0,1
1746659807.2932212,159674.0,1
1746659807.3025475,156693.0,1
1746659807.3119705,153027.0,1
1746659807.3234453,149413.0,1
1746659807.3314595,147591.0,1
1746659807.342043,144087.0,1
1746659807.3545678,141084.0,1
1746659807.3652709,137388.0,1
1746659807.3725572,134183.0,1
1746659807.382674,132715.0,1
1746659807.3931034,129712.0,1
1746659807.402027,125842.0,1
1746659807.4137304,122893.0,1
1746659807.422658,119856.0,1
1746659807.4320543,117293.0,1
1746659807.4440162,114194.0,1
1746659807.4525192,112123.0,1
1746659807.4637911,107604.0,1
1746659807.4858181,103115.0,1
1746659807.4997845,102406.0,1
1746659807.5122933,97959.0,1
1746659807.5215635,96144.0,1
1746659807.531724,93818.0,1
1746659807.5422986,90726.0,1
1746659807.5537398,88730.0,1
1746659807.5613093,87191.0,1
1746659807.5718095,86126.0,1
1746659807.5816927,85059.0,1
1746659807.5914268,84392.0,1
1746659807.6027737,83047.0,1
1746659807.6115787,81648.0,1
1746659807.6213322,80171.0,1
1746659807.6317368,80035.0,1
1746659807.641838,78819.0,1
1746659807.651039,79066.0,1
1746659807.6618502,78866.0,1
1746659807.672444,78324.0,1
1746659807.6814015,78086.0,1
1746659807.6925254,78052.0,1
1746659807.7024486,78173.0,1
1746659807.7110112,78392.0,1
1746659807.721356,78805.0,1
1746659807.7328055,78726.0,1
1746659807.7417262,80068.0,1
1746659807.754747,80735.0,1
1746659807.7621996,81156.0,1
1746659807.7715414,82291.0,1
1746659807.781168,83390.0,1
1746659807.7910178,85186.0,1
1746659807.8017886,87724.0,1
1746659807.8123481,89477.0,1
1746659807.821767,91608.0,1
1746659807.833811,94680.0,1
1746659807.8420577,95970.0,1
1746659807.8525124,97496.0,1
1746659807.8624852,99493.0,1
1746659807.8727987,100591.0,1
1746659807.8822372,102199.0,1
1746659807.8913755,104652.0,1
1746659807.9028857,107893.0,1
1746659807.9124253,111765.0,1
1746659807.9231775,114884.0,1
1746659807.9327946,117057.0,1
1746659807.9429455,119024.0,1
1746659807.9531124,122047.0,1
1746659807.963664,124644.0,1
1746659807.9728615,129000.0,1
1746659807.9815962,132311.0,1
1746659807.9912193,135018.0,1
1746659808.0016901,138270.0,1
1746659808.0115702,140917.0,1
1746659808.0217414,145071.0,1
1746659808.0320518,149687.0,1
1746659808.0407152,153058.0,1
1746659808.0522554,157113.0,1
1746659808.07586,159684.0,1
1746659808.0825746,161754.0,1
1746659808.0912552,164967.0,1
1746659808.1016843,168981.0,1
1746659808.1115074,172051.0,1
1746659808.121876,174621.0,1
1746659808.1319118,177985.0,1
1746659808.1426237,183050.0,1
1746659808.152057,185203.0,1
1746659808.1635473,186891.0,1
1746659808.1727579,188117.0,1
1746659808.1869516,189515.0,1
1746659808.1913948,190116.0,1
1746659808.2009847,192447.0,1
1746659808.2125072,195317.0,1
1746659808.2213335,196988.0,1
1746659808.2316055,198475.0,1
1746659808.2412183,199905.0,1
1746659808.2514439,201527.0,1
1746659808.2615016,204029.0,1
1746659808.2716699,205957.0,1
1746659808.282186,207273.0,1
1746659808.2917054,207494.0,1
1746659808.302103,208542.0,1
1746659808.3112395,209644.0,1
1746659808.3217015,209798.0,1
1746659808.330958,210665.0,1
1746659808.342138,210678.0,1
1746659808.3526003,210555.0,1
1746659808.361144,210746.0,1
1746659808.371311,210471.0,1
1746659808.3823242,210756.0,1
1746659808.3914263,211076.0,1
1746659808.4030867,210452.0,1
1746659808.4137087,210220.0,1
1746659808.422341,209135.0,1
1746659808.4321115,208673.0,1
1746659808.4410071,207270.0,1
1746659808.4530416,206742.0,1
1746659808.46293,205978.0,1
1746659808.4726791,204427.0,1
1746659808.4824574,203706.0,1
1746659808.4913058,202496.0,1
1746659808.5018373,200154.0,1
1746659808.5133686,198457.0,1
1746659808.5218127,197841.0,1
1746659808.5328202,195976.0,1
1746659808.542742,195156.0,1
1746659808.551977,193207.0,1
1746659808.564542,191462.0,1
1746659808.5725257,190014.0,1
1746659808.5831387,187673.0,1
1746659808.592775,185594.0,1
1746659808.6023598,183235.0,1
1746659808.6117833,180443.0,1
1746659808.620994,177840.0,1
1746659808.6310842,174906.0,1
1746659808.6420057,171286.0,1
1746659808.653152,168134.0,1
1746659808.6618266,166060.0,1
1746659808.6755643,163876.0,1
1746659808.6872249,162967.0,1
1746659808.6916714,161185.0,1
1746659808.701988,158769.0,1
1746659808.7114265,155763.0,1
1746659808.7219868,151078.0,1
1746659808.731246,148087.0,1
1746659808.7414498,144163.0,1
1746659808.7511065,140101.0,1
1746659808.7625017,136657.0,1
1746659808.7717001,133706.0,1
1746659808.7832377,129554.0,1
1746659808.7911854,126933.0,1
1746659808.8011367,122589.0,1
1746659808.8120756,117750.0,1
1746659808.8222787,113922.0,1
1746659808.8307776,111431.0,1
1746659808.8426483,107141.0,1
1746659808.8520358,105060.0,1
1746659808.8641167,102737.0,1
1746659808.8731055,100326.0,1
1746659808.8809023,98666.0,1
1746659808.891443,94922.0,1
1746659808.9015546,91848.0,1
1746659808.9116733,89718.0,1
1746659808.9218757,87820.0,1
1746659808.931513,86217.0,1
1746659808.9415793,83449.0,1
1746659808.9528944,80945.0,1
1746659808.9613123,79628.0,1
1746659808.9722266,78625.0,1
1746659808.9819653,78176.0,1
1746659808.9912508,77155.0,1
1746659809.001911,75689.0,1
1746659809.0121617,74804.0,1
1746659809.022053,73953.0,1
1746659809.031553,73354.0,1
1746659809.0435224,73218.0,1
1746659809.051305,72958.0,1
1746659809.0615706,72852.0,1
1746659809.0731337,72749.0,1
1746659809.0823216,72596.0,1
1746659809.0914624,72233.0,1
1746659809.1015284,72469.0,1
1746659809.1116018,72658.0,1
1746659809.1211367,72649.0,1
1746659809.1308007,73222.0,1
1746659809.141363,74430.0,1
1746659809.1531763,74679.0,1
1746659809.1616175,74971.0,1
1746659809.1724768,75979.0,1
1746659809.1816843,77464.0,1
1746659809.1922176,78915.0,1
1746659809.2016437,80188.0,1
1746659809.211427,81595.0,1
1746659809.221362,84073.0,1
1746659809.2323303,86329.0,1
1746659809.2417004,88646.0,1
1746659809.2515152,89950.0,1
1746659809.2621734,92814.0,1
1746659809.2721117,95119.0,1
1746659809.282514,97256.0,1
1746659809.291832,100233.0,1
1746659809.3020954,104655.0,1
1746659809.3118935,107724.0,1
1746659809.3214355,110639.0,1
1746659809.330887,114105.0,1
1746659809.3409455,116832.0,1
1746659809.3535037,120369.0,1
1746659809.3612149,122513.0,1
1746659809.3715823,127573.0,1
1746659809.3825555,131422.0,1
1746659809.3920207,134535.0,1
1746659809.4020138,137819.0,1
1746659809.41141,141158.0,1
1746659809.4212444,144885.0,1
1746659809.4311955,148204.0,1
1746659809.4422743,152854.0,1
1746659809.4515793,155835.0,1
1746659809.4645157,158206.0,1
1746659809.4712157,159900.0,1
1746659809.4831853,164124.0,1
1746659809.4909828,167485.0,1
1746659809.501356,171129.0,1
1746659809.5114894,172774.0,1
1746659809.5223458,175121.0,1
1746659809.5318289,177746.0,1
1746659809.541663,180567.0,1
1746659809.553282,183957.0,1
1746659809.5616128,186054.0,1
1746659809.571441,187174.0,1
1746659809.581865,188755.0,1
1746659809.5913498,190525.0,1
1746659809.6018338,193311.0,1
1746659809.6111362,195650.0,1
1746659809.622004,198406.0,1
1746659809.6313095,199855.0,1
1746659809.6419463,201265.0,1
1746659809.6515384,203425.0,1
1746659809.6621146,204659.0,1
1746659809.672755,205757.0,1
1746659809.6812103,207392.0,1
1746659809.693356,208842.0,1
1746659809.7026575,210020.0,1
1746659809.7113004,210617.0,1
1746659809.7212703,211018.0,1
1746659809.7318459,211754.0,1
1746659809.742042,212629.0,1
1746659809.7526438,212578.0,1
1746659809.7616413,212805.0,1
1746659809.7710998,212836.0,1
1746659809.7835016,212633.0,1
1746659809.7920713,213050.0,1
1746659809.8028736,212826.0,1
1746659809.8127246,212754.0,1
1746659809.8236196,212245.0,1
1746659809.83298,211954.0,1
1746659809.8419123,211644.0,1
1746659809.853987,210874.0,1
1746659809.8627086,210307.0,1
1746659809.8728948,210350.0,1
1746659809.8831575,209630.0,1
1746659809.892321,209171.0,1
1746659809.9033334,208124.0,1
1746659809.9129992,207021.0,1
1746659809.9223442,205330.0,1
1746659809.932687,204003.0,1
1746659809.9417734,201511.0,1
1746659809.9538975,200106.0,1
1746659809.963551,198449.0,1
1746659809.9717128,197611.0,1
1746659809.982524,195083.0,1
1746659809.9917572,192996.0,1
1746659810.0025413,190120.0,1
1746659810.01324,187921.0,1
1746659810.0232732,185438.0,1
1746659810.0318472,182749.0,1
1746659810.04146,180642.0,1
1746659810.0524826,178137.0,1
1746659810.063075,174821.0,1
1746659810.0716763,171269.0,1
1746659810.0817373,168504.0,1
1746659810.0916991,164882.0,1
1746659810.1019244,162041.0,1
1746659810.1116862,159704.0,1
1746659810.1274183,156621.0,1
1746659810.1320581,155842.0,1
1746659810.1411295,152985.0,1
1746659810.1525636,148543.0,1
1746659810.1679397,144377.0,1
1746659810.1717653,143378.0,1
1746659810.1820617,140311.0,1
1746659810.1915772,136093.0,1
1746659810.2012496,132976.0,1
1746659810.2112818,127063.0,1
1746659810.2224574,122747.0,1
1746659810.2311194,121009.0,1
1746659810.2408974,116831.0,1
1746659810.2528138,112333.0,1
1746659810.2616649,109760.0,1
1746659810.272445,105308.0,1
1746659810.2808237,102523.0,1
1746659810.2912016,99185.0,1
1746659810.302297,94797.0,1
1746659810.3117096,91617.0,1
1746659810.3225446,88615.0,1
1746659810.3319485,86844.0,1
1746659810.3420131,84534.0,1
1746659810.3524024,82507.0,1
1746659810.3612769,79135.0,1
1746659810.371444,78347.0,1
1746659810.3811975,76818.0,1
1746659810.3916967,75122.0,1
1746659810.4020004,73928.0,1
1746659810.4118264,72943.0,1
1746659810.4221947,71043.0,1
1746659810.4317963,70608.0,1
1746659810.4415488,69928.0,1
1746659810.4529936,69479.0,1
1746659810.461746,69887.0,1
1746659810.4710193,69903.0,1
1746659810.4818017,69566.0,1
1746659810.4918318,69126.0,1
1746659810.5029335,69752.0,1
1746659810.5109465,69667.0,1
1746659810.5217843,69898.0,1
1746659810.531443,70507.0,1
1746659810.5419126,71307.0,1
1746659810.553427,71832.0,1
1746659810.5620449,72847.0,1
1746659810.5717843,73347.0,1
1746659810.5817754,74910.0,1
1746659810.5920923,76722.0,1
1746659810.6018014,78229.0,1
1746659810.6119962,80702.0,1
1746659810.6218815,83350.0,1
1746659810.6314337,85875.0,1
1746659810.6419396,89867.0,1
1746659810.6524942,92928.0,1
1746659810.6619585,95983.0,1
1746659810.6712158,97585.0,1
1746659810.6833453,101298.0,1
1746659810.6923473,103704.0,1
1746659810.7026083,107629.0,1
1746659810.711666,112078.0,1
1746659810.722167,118523.0,1
1746659810.7320757,120944.0,1
1746659810.7425308,125060.0,1
1746659810.7522647,128067.0,1
1746659810.762218,130109.0,1
1746659810.772716,132673.0,1
1746659810.7813606,136612.0,1
1746659810.7918375,139857.0,1
1746659810.8024745,143591.0,1
1746659810.8114133,145958.0,1
1746659810.8221164,149209.0,1
1746659810.8314543,152456.0,1
1746659810.8440368,157610.0,1
1746659810.8526554,159502.0,1
1746659810.8697586,162195.0,1
1746659810.8839278,164756.0,1
1746659810.894149,166546.0,1
1746659810.9032707,169821.0,1
1746659810.9126844,173136.0,1
1746659810.92382,176640.0,1
1746659810.9318755,179421.0,1
1746659810.9425418,181694.0,1
1746659810.9540687,185106.0,1
1746659810.962728,187228.0,1
1746659810.9727044,190990.0,1
1746659810.9832036,192160.0,1
1746659810.9916182,195134.0,1
1746659811.001748,197037.0,1
1746659811.0122676,199212.0,1
1746659811.0229156,200885.0,1
1746659811.032775,203354.0,1
1746659811.0422304,205514.0,1
1746659811.0525017,206704.0,1
1746659811.0620368,208276.0,1
1746659811.071844,209213.0,1
1746659811.0826194,211074.0,1
1746659811.0916994,212686.0,1
1746659811.102756,214188.0,1
1746659811.1119578,215646.0,1
1746659811.1222477,216206.0,1
1746659811.1317034,216893.0,1
1746659811.1424544,217763.0,1
1746659811.1649516,218276.0,1
1746659811.1726005,218382.0,1
1746659811.1815305,218705.0,1
1746659811.1912584,218395.0,1
1746659811.2026637,218703.0,1
1746659811.211749,218546.0,1
1746659811.2222784,218294.0,1
1746659811.2313359,217960.0,1
1746659811.240851,217301.0,1
1746659811.2523704,216206.0,1
1746659811.2612014,214975.0,1
1746659811.2721887,214510.0,1
1746659811.2813926,213213.0,1
1746659811.2923253,211867.0,1
1746659811.3012931,209729.0,1
1746659811.3127747,207471.0,1
1746659811.3220227,205221.0,1
1746659811.3313854,204461.0,1
1746659811.3423147,201883.0,1
1746659811.3521702,200348.0,1
1746659811.3611927,198263.0,1
1746659811.3725138,194404.0,1
1746659811.3811364,192784.0,1
1746659811.3914287,189504.0,1
1746659811.4033024,186288.0,1
1746659811.4126284,184469.0,1
1746659811.4227152,181504.0,1
1746659811.43248,179115.0,1
1746659811.4420502,175892.0,1
1746659811.4524007,172919.0,1
1746659811.4614148,170252.0,1
1746659811.4715934,166684.0,1
1746659811.4822824,162354.0,1
1746659811.491341,160816.0,1
1746659811.5029244,156682.0,1
1746659811.5129995,153261.0,1
1746659811.5226223,150172.0,1
1746659811.531822,148126.0,1
1746659811.542443,143812.0,1
1746659811.5522654,141842.0,1
1746659811.5616398,137880.0,1
1746659811.5729413,135110.0,1
1746659811.5829482,131503.0,1
1746659811.5916162,128408.0,1
1746659811.6017115,124188.0,1
1746659811.611422,121259.0,1
1746659811.6218736,116637.0,1
1746659811.6313612,113696.0,1
1746659811.6412086,109640.0,1
1746659811.653255,106296.0,1
1746659811.6627145,103087.0,1
1746659811.672653,101099.0,1
1746659811.6812844,98274.0,1
1746659811.691616,94003.0,1
1746659811.7017357,91335.0,1
1746659811.7120516,88585.0,1
1746659811.7220557,87373.0,1
1746659811.731479,85302.0,1
1746659811.7422476,82102.0,1
1746659811.752308,80439.0,1
1746659811.7611344,79460.0,1
1746659811.7721114,78299.0,1
1746659811.782379,76966.0,1
1746659811.791518,76137.0,1
1746659811.8029828,74585.0,1
1746659811.8110445,73861.0,1
1746659811.8210063,72955.0,1
1746659811.8325827,72778.0,1
1746659811.8416526,72649.0,1
1746659811.8531067,72429.0,1
1746659811.8621993,72038.0,1
1746659811.8728719,72088.0,1
1746659811.8827982,72099.0,1
1746659811.8920493,72744.0,1
1746659811.9017348,72723.0,1
1746659811.9128263,73130.0,1
1746659811.9221165,73625.0,1
1746659811.9323287,74122.0,1
1746659811.9427905,74800.0,1
1746659811.9521728,75622.0,1
1746659811.96242,76094.0,1
1746659811.971947,76728.0,1
1746659811.9814577,78419.0,1
1746659811.9914627,80177.0,1
1746659812.0016122,82353.0,1
1746659812.0112407,85385.0,1
1746659812.0216594,88189.0,1
1746659812.0312095,90688.0,1
1746659812.0418303,93518.0,1
1746659812.051674,95122.0,1
1746659812.061484,98192.0,1
1746659812.071134,101279.0,1
1746659812.0815816,105046.0,1
1746659812.091579,109540.0,1
1746659812.1010299,111208.0,1
1746659812.111798,115264.0,1
1746659812.1213675,117653.0,1
1746659812.132049,122233.0,1
1746659812.141672,125173.0,1
1746659812.1526043,130189.0,1
1746659812.161707,133256.0,1
1746659812.1716378,135554.0,1
1746659812.1818256,138291.0,1
1746659812.1918843,142459.0,1
1746659812.2012491,147871.0,1
1746659812.211444,151394.0,1
1746659812.2213748,154447.0,1
1746659812.2315133,157917.0,1
1746659812.2418594,161172.0,1
1746659812.2517939,164143.0,1
1746659812.261814,167604.0,1
1746659812.273698,170783.0,1
1746659812.2815049,174072.0,1
1746659812.2914917,176109.0,1
1746659812.3016489,179713.0,1
1746659812.3115814,181041.0,1
1746659812.3217204,185689.0,1
1746659812.3321764,187634.0,1
1746659812.3408916,189933.0,1
1746659812.3512142,191356.0,1
1746659812.365207,194162.0,1
1746659812.3709986,195880.0,1
1746659812.3825235,198740.0,1
1746659812.3916657,200876.0,1
1746659812.401646,202048.0,1
1746659812.4118087,203450.0,1
1746659812.4210045,205169.0,1
1746659812.4319913,206856.0,1
1746659812.440929,208945.0,1
1746659812.4515023,209934.0,1
1746659812.4622803,210784.0,1
1746659812.4711945,211506.0,1
1746659812.482184,212114.0,1
1746659812.4917367,212865.0,1
1746659812.5026855,213837.0,1
1746659812.5125961,213998.0,1
1746659812.5212393,214091.0,1
1746659812.5313241,213512.0,1
1746659812.5417864,213666.0,1
1746659812.552092,213774.0,1
1746659812.5611243,213608.0,1
1746659812.571276,213438.0,1
1746659812.5817173,213439.0,1
1746659812.591196,212625.0,1
1746659812.6015618,211792.0,1
1746659812.6111817,210914.0,1
1746659812.6217258,209959.0,1
1746659812.6310706,208848.0,1
1746659812.6415513,208177.0,1
1746659812.6531842,206137.0,1
1746659812.6615317,204957.0,1
1746659812.6714127,203879.0,1
1746659812.682309,201267.0,1
1746659812.6919847,199644.0,1
1746659812.7019615,197538.0,1
1746659812.7118175,194672.0,1
1746659812.721675,192723.0,1
1746659812.7319632,190446.0,1
1746659812.7412927,187793.0,1
1746659812.7522314,184587.0,1
1746659812.761149,183273.0,1
1746659812.7709758,181207.0,1
1746659812.7812853,177803.0,1
1746659812.792029,174417.0,1
1746659812.8016982,171150.0,1
1746659812.8113453,167951.0,1
1746659812.8208647,165248.0,1
1746659812.832526,161302.0,1
1746659812.8413153,158611.0,1
1746659812.852112,155300.0,1
1746659812.8615248,151400.0,1
1746659812.8720481,149564.0,1
1746659812.881168,146275.0,1
1746659812.891739,141815.0,1
1746659812.901008,138918.0,1
1746659812.9117851,135583.0,1
1746659812.9213812,132090.0,1
1746659812.931061,129249.0,1
1746659812.9415438,124769.0,1
1746659812.9526546,121710.0,1
1746659812.9628053,118391.0,1
1746659812.9730003,115346.0,1
1746659812.9814234,111717.0,1
1746659812.9919837,107787.0,1
1746659813.0014844,105044.0,1
1746659813.0122387,101475.0,1
1746659813.020797,98416.0,1
1746659813.0322511,94406.0,1
1746659813.0406492,91605.0,1
1746659813.0509915,89284.0,1
1746659813.066964,86887.0,1
1746659813.071895,85385.0,1
1746659813.0822964,83542.0,1
1746659813.0920606,80022.0,1
1746659813.1017563,77178.0,1
1746659813.1116035,74367.0,1
1746659813.122483,73024.0,1
1746659813.1310682,72003.0,1
1746659813.1420608,70319.0,1
1746659813.152569,69266.0,1
1746659813.1624424,67883.0,1
1746659813.1717706,67086.0,1
1746659813.180972,65939.0,1
1746659813.19114,65705.0,1
1746659813.2013905,65178.0,1
1746659813.2111275,65579.0,1
1746659813.2223268,65021.0,1
1746659813.2323308,64672.0,1
1746659813.2423892,64769.0,1
1746659813.253153,65200.0,1
1746659813.262302,65313.0,1
1746659813.2720308,65773.0,1
1746659813.2818277,66228.0,1
1746659813.2913408,66991.0,1
1746659813.3011277,68063.0,1
1746659813.311011,68976.0,1
1746659813.3211722,70708.0,1
1746659813.331945,71927.0,1
1746659813.3414743,73804.0,1
1746659813.3531637,75956.0,1
1746659813.3660192,78713.0,1
1746659813.3715837,79723.0,1
1746659813.382996,82456.0,1
1746659813.392389,85656.0,1
1746659813.4038208,88523.0,1
1746659813.4115431,91088.0,1
1746659813.4230714,94630.0,1
1746659813.4311502,97427.0,1
1746659813.4419796,102531.0,1
1746659813.451097,104917.0,1
1746659813.4663267,108000.0,1
1746659813.4716098,109732.0,1
1746659813.482863,113430.0,1
1746659813.4924564,116451.0,1
1746659813.501692,121535.0,1
1746659813.5107594,126661.0,1
1746659813.521851,129656.0,1
1746659813.5312645,132543.0,1
1746659813.542221,135871.0,1
1746659813.5513945,139454.0,1
1746659813.5660126,143291.0,1
1746659813.573383,145263.0,1
1746659813.5815449,148738.0,1
1746659813.5922754,152102.0,1
1746659813.6022313,155958.0,1
1746659813.6120002,159189.0,1
1746659813.6216443,163144.0,1
1746659813.6313777,166129.0,1
1746659813.6417956,168914.0,1
1746659813.6517317,171107.0,1
1746659813.665697,175117.0,1
1746659813.6717055,177327.0,1
1746659813.682014,180883.0,1
1746659813.69131,182824.0,1
1746659813.7017796,184703.0,1
1746659813.7122858,186983.0,1
1746659813.7217467,189100.0,1
1746659813.731923,191571.0,1
1746659813.7414036,193178.0,1
1746659813.7517576,194639.0,1
1746659813.7648265,195908.0,1
1746659813.771387,197048.0,1
1746659813.7822144,198570.0,1
1746659813.7914808,200109.0,1
1746659813.8012896,202059.0,1
1746659813.8117669,203221.0,1
1746659813.8220992,203944.0,1
1746659813.831445,204771.0,1
1746659813.842428,205393.0,1
1746659813.8515117,205873.0,1
1746659813.8661842,206383.0,1
1746659813.8714087,206391.0,1
1746659813.882202,206772.0,1
1746659813.891496,206593.0,1
1746659813.901519,206619.0,1
1746659813.9115503,206316.0,1
1746659813.9225953,206024.0,1
1746659813.9318805,205639.0,1
1746659813.9421601,204645.0,1
1746659813.9518387,204495.0,1
1746659813.9620843,203308.0,1
1746659813.9723024,202361.0,1
1746659813.9826033,201736.0,1
1746659813.99125,200777.0,1
1746659814.0015125,198525.0,1
1746659814.0126567,197283.0,1
1746659814.0215175,195130.0,1
1746659814.0323446,192844.0,1
1746659814.0414553,191387.0,1
1746659814.0528986,189586.0,1
1746659814.062271,186906.0,1
1746659814.071144,185448.0,1
1746659814.0830848,182366.0,1
1746659814.0910764,179485.0,1
1746659814.1014004,176694.0,1
1746659814.1111305,174511.0,1
1746659814.1221337,171954.0,1
1746659814.1319797,168500.0,1
1746659814.1408978,165777.0,1
1746659814.1525853,162776.0,1
1746659814.1610394,159331.0,1
1746659814.1718974,155557.0,1
1746659814.183708,152602.0,1
1746659814.191107,151446.0,1
1746659814.201735,147552.0,1
1746659814.2110653,144151.0,1
1746659814.222299,140748.0,1
1746659814.2314987,136164.0,1
1746659814.241174,133009.0,1
1746659814.2521942,129514.0,1
1746659814.2620373,125084.0,1
1746659814.2718234,122422.0,1
1746659814.2812016,119185.0,1
1746659814.2916896,115138.0,1
1746659814.302155,110894.0,1
1746659814.3112826,107941.0,1
1746659814.321576,104784.0,1
1746659814.3314552,101439.0,1
1746659814.3422678,97929.0,1
1746659814.35214,95585.0,1
1746659814.3623023,91899.0,1
1746659814.3715668,89867.0,1
1746659814.3826883,86115.0,1
1746659814.3914454,82331.0,1
1746659814.4029274,80151.0,1
1746659814.4110224,78447.0,1
1746659814.421975,76155.0,1
1746659814.4321728,73998.0,1
1746659814.4421537,72756.0,1
1746659814.4526508,70371.0,1
1746659814.462688,69516.0,1
1746659814.4722204,68628.0,1
1746659814.4820757,67210.0,1
1746659814.4950612,66409.0,1
1746659814.5024917,65588.0,1
1746659814.510988,64937.0,1
1746659814.5221136,63975.0,1
1746659814.5319614,63768.0,1
1746659814.5423224,63570.0,1
1746659814.5520263,63783.0,1
1746659814.5617828,63949.0,1
1746659814.5715208,63598.0,1
1746659814.58309,64040.0,1
1746659814.5921957,64181.0,1
1746659814.6019378,64516.0,1
1746659814.6110613,65071.0,1
1746659814.6223593,66013.0,1
1746659814.6311617,66241.0,1
1746659814.6411192,67492.0,1
1746659814.6524658,68547.0,1
1746659814.6617482,69654.0,1
1746659814.6716805,70651.0,1
1746659814.6818848,73067.0,1
1746659814.6911945,74842.0,1
1746659814.7020562,77704.0,1
1746659814.7114234,79335.0,1
1746659814.722093,82555.0,1
1746659814.7311332,84017.0,1
1746659814.7427192,87015.0,1
1746659814.753938,89366.0,1
1746659814.76158,90760.0,1
1746659814.7723875,95056.0,1
1746659814.782109,98137.0,1
1746659814.7920454,101984.0,1
1746659814.8023329,106084.0,1
1746659814.8111348,109115.0,1
1746659814.822229,112879.0,1
1746659814.8310714,115289.0,1
1746659814.8422976,119766.0,1
1746659814.852008,124702.0,1
1746659814.86239,128121.0,1
1746659814.8716843,130293.0,1
1746659814.8822932,133326.0,1
1746659814.8915715,138468.0,1
1746659814.9016297,142431.0,1
1746659814.9116378,146302.0,1
1746659814.9216974,150778.0,1
1746659814.93131,153815.0,1
1746659814.942473,158641.0,1
1746659814.9527047,161868.0,1
1746659814.961536,164480.0,1
1746659814.972112,168382.0,1
1746659814.9819462,170867.0,1
1746659814.991801,174140.0,1
1746659815.0022385,177882.0,1
1746659815.0125566,181387.0,1
1746659815.0221276,183688.0,1
1746659815.0316231,185705.0,1
1746659815.0426598,187368.0,1
1746659815.0520773,189387.0,1
1746659815.0610387,191686.0,1
1746659815.0721114,193504.0,1
1746659815.0827572,195329.0,1
1746659815.0915883,197108.0,1
1746659815.1019907,198319.0,1
1746659815.112771,199540.0,1
1746659815.1213906,201609.0,1
1746659815.1317098,203208.0,1
1746659815.141512,204835.0,1
1746659815.1536357,206450.0,1
1746659815.1616924,206860.0,1
1746659815.173105,207453.0,1
1746659815.1827374,207863.0,1
1746659815.1916494,208712.0,1
1746659815.2011693,209209.0,1
1746659815.2123625,210131.0,1
1746659815.2246025,210558.0,1
1746659815.232616,210522.0,1
1746659815.2422438,210675.0,1
1746659815.2533972,210315.0,1
1746659815.2626388,210380.0,1
1746659815.2717316,210087.0,1
1746659815.2820616,210104.0,1
1746659815.2925043,210097.0,1
1746659815.3024864,209272.0,1
1746659815.3116217,208411.0,1
1746659815.321948,207212.0,1
1746659815.3325582,206665.0,1
1746659815.341324,205614.0,1
1746659815.3524694,204449.0,1
1746659815.362128,203142.0,1
1746659815.3728473,200960.0,1
1746659815.3835628,198905.0,1
1746659815.3917327,197380.0,1
1746659815.4014263,196160.0,1
1746659815.4123511,193786.0,1
1746659815.422866,191953.0,1
1746659815.4319525,189193.0,1
1746659815.442356,186468.0,1
1746659815.4520276,183639.0,1
1746659815.4615786,181456.0,1
1746659815.4711652,179798.0,1
1746659815.4833615,175791.0,1
1746659815.4925315,173076.0,1
1746659815.502298,170984.0,1
1746659815.5123463,166750.0,1
1746659815.5217083,162830.0,1
1746659815.531515,160055.0,1
1746659815.542156,156469.0,1
1746659815.5534341,152743.0,1
1746659815.5631316,148750.0,1
1746659815.5725467,148081.0,1
1746659815.5832043,144116.0,1
1746659815.5913327,141810.0,1
1746659815.6026287,137770.0,1
1746659815.611823,134753.0,1
1746659815.621439,129144.0,1
1746659815.6309173,125595.0,1
1746659815.6415148,122282.0,1
1746659815.6536586,117982.0,1
1746659815.6645408,115916.0,1
1746659815.673166,112425.0,1
1746659815.6814823,110353.0,1
1746659815.6919286,105062.0,1
1746659815.702102,102195.0,1
1746659815.7122765,100125.0,1
1746659815.722227,97406.0,1
1746659815.7313519,93378.0,1
1746659815.7407937,89598.0,1
1746659815.7524529,86754.0,1
1746659815.7611597,85017.0,1
1746659815.7715156,83341.0,1
1746659815.7816396,81468.0,1
1746659815.7917056,78330.0,1
1746659815.801514,75917.0,1
1746659815.8110793,74812.0,1
1746659815.8214774,73216.0,1
1746659815.8320582,72419.0,1
1746659815.8430247,70653.0,1
1746659815.8516276,69999.0,1
1746659815.862482,68637.0,1
1746659815.871285,67573.0,1
1746659815.8820112,67167.0,1
1746659815.8924925,66742.0,1
1746659815.9020936,66135.0,1
1746659815.9127498,65911.0,1
1746659815.9219177,65592.0,1
1746659815.9317663,66067.0,1
1746659815.941238,65937.0,1
1746659815.953129,66439.0,1
1746659815.962581,66828.0,1
1746659815.9722614,67039.0,1
1746659815.9819984,67830.0,1
1746659815.9922545,68693.0,1
1746659816.0015342,69833.0,1
1746659816.0116172,70676.0,1
1746659816.0217159,72830.0,1
1746659816.0318518,74749.0,1
1746659816.0418253,76808.0,1
1746659816.054133,79253.0,1
1746659816.0625453,80933.0,1
1746659816.0720596,82457.0,1
1746659816.0832417,83975.0,1
1746659816.0934718,87537.0,1
1746659816.1023524,89756.0,1
1746659816.112522,92719.0,1
1746659816.1211252,95914.0,1
1746659816.1321385,99705.0,1
1746659816.1422744,104493.0,1
1746659816.1526234,108157.0,1
1746659816.1610122,111248.0,1
1746659816.1724482,114657.0,1
1746659816.1811664,118794.0,1
1746659816.1926024,124460.0,1
1746659816.2017448,126970.0,1
1746659816.2118433,130930.0,1
1746659816.2209415,134241.0,1
1746659816.232552,139323.0,1
1746659816.2412224,143924.0,1
1746659816.2517638,148289.0,1
1746659816.2622972,154162.0,1
1746659816.2716062,156738.0,1
1746659816.2825935,160540.0,1
1746659816.2910316,164833.0,1
1746659816.3009086,168863.0,1
1746659816.3117805,172353.0,1
1746659816.3214967,175945.0,1
1746659816.3318176,179344.0,1
1746659816.3422463,183493.0,1
1746659816.3564517,185451.0,1
1746659816.3615997,187021.0,1
1746659816.3719816,188271.0,1
1746659816.3818,190422.0,1
1746659816.392522,193056.0,1
1746659816.4018972,195065.0,1
1746659816.411813,197029.0,1
1746659816.4222138,198865.0,1
1746659816.4315898,200665.0,1
1746659816.4417422,202813.0,1
1746659816.452441,204260.0,1
1746659816.462294,205287.0,1
1746659816.471264,205861.0,1
1746659816.4827538,206769.0,1
1746659816.4914994,207674.0,1
1746659816.5012274,208700.0,1
1746659816.511926,209222.0,1
1746659816.5215259,209455.0,1
1746659816.53108,209550.0,1
1746659816.5420923,209591.0,1
1746659816.5524168,209290.0,1
1746659816.5611267,208898.0,1
1746659816.572284,208976.0,1
1746659816.581815,208527.0,1
1746659816.591608,207439.0,1
1746659816.601978,206079.0,1
1746659816.6110291,205044.0,1
1746659816.6213071,204689.0,1
1746659816.6308403,203224.0,1
1746659816.6412864,201953.0,1
1746659816.6517758,200348.0,1
1746659816.662497,199084.0,1
1746659816.6714387,196995.0,1
1746659816.6814997,194713.0,1
1746659816.6911192,193088.0,1
1746659816.7023227,190836.0,1
1746659816.7116823,188771.0,1
1746659816.722846,185589.0,1
1746659816.7315812,182750.0,1
1746659816.7414167,180675.0,1
1746659816.7516673,178214.0,1
1746659816.7610955,175529.0,1
1746659816.7718954,174151.0,1
1746659816.782641,170559.0,1
1746659816.7908661,168252.0,1
1746659816.801674,164360.0,1
1746659816.8117719,160036.0,1
1746659816.8208227,158322.0,1
1746659816.8312101,155635.0,1
1746659816.8415363,152091.0,1
1746659816.8515651,148800.0,1
1746659816.8614175,145625.0,1
1746659816.8711958,142804.0,1
1746659816.8812668,139193.0,1
1746659816.8911865,135507.0,1
1746659816.9008865,131818.0,1
1746659816.910841,128865.0,1
1746659816.9216766,125666.0,1
1746659816.932224,121134.0,1
1746659816.9419496,117901.0,1
1746659816.9525602,114516.0,1
1746659816.9619067,109744.0,1
1746659816.9710517,107918.0,1
1746659816.981121,104931.0,1
1746659816.99113,101960.0,1
1746659817.00156,98766.0,1
1746659817.0112145,95651.0,1
1746659817.021776,92772.0,1
1746659817.0319893,89708.0,1
1746659817.0412407,87771.0,1
1746659817.0517154,85538.0,1
1746659817.0611935,83583.0,1
1746659817.0722353,81504.0,1
1746659817.0823014,79137.0,1
1746659817.0917876,76984.0,1
1746659817.1013844,75941.0,1
1746659817.1118085,74467.0,1
1746659817.1208816,73978.0,1
1746659817.1318493,72893.0,1
1746659817.141428,70829.0,1
1746659817.1527793,70322.0,1
1746659817.1616926,69487.0,1
1746659817.171641,69618.0,1
1746659817.1819935,69149.0,1
1746659817.192303,69087.0,1
1746659817.2021496,68784.0,1
1746659817.211381,68675.0,1
1746659817.2214835,68698.0,1
1746659817.2315617,69091.0,1
1746659817.2415783,69342.0,1
1746659817.253207,70420.0,1
1746659817.2641459,70871.0,1
1746659817.2710721,71503.0,1
1746659817.2813559,72713.0,1
1746659817.2922864,74036.0,1
1746659817.301006,75469.0,1
1746659817.311465,77565.0,1
1746659817.322047,79708.0,1
1746659817.3318107,82580.0,1
1746659817.3409119,85103.0,1
1746659817.3519146,86958.0,1
1746659817.3613014,89137.0,1
1746659817.3718405,91137.0,1
1746659817.3820095,94411.0,1
1746659817.3914175,97852.0,1
1746659817.400911,101427.0,1
1746659817.4111733,105655.0,1
1746659817.4214144,108764.0,1
1746659817.4318838,111972.0,1
1746659817.4414163,115079.0,1
1746659817.4527423,118428.0,1
1746659817.4646242,122453.0,1
1746659817.4713252,126808.0,1
1746659817.4806967,130109.0,1
1746659817.490973,132810.0,1
1746659817.5011778,137470.0,1
1746659817.5109541,141163.0,1
1746659817.5219944,144686.0,1
1746659817.5313194,148907.0,1
1746659817.5422192,151416.0,1
1746659817.552409,155668.0,1
1746659817.5612736,158070.0,1
1746659817.571277,161587.0,1
1746659817.5817096,165663.0,1
1746659817.5918703,168510.0,1
1746659817.601998,172344.0,1
1746659817.611103,174495.0,1
1746659817.6219075,177216.0,1
1746659817.6308448,180337.0,1
1746659817.6420734,183015.0,1
1746659817.6525638,185308.0,1
1746659817.6609862,187401.0,1
1746659817.6723998,189844.0,1
1746659817.6811144,191504.0,1
1746659817.691958,195437.0,1
1746659817.7021813,196656.0,1
1746659817.711825,198363.0,1
1746659817.7219796,200234.0,1
1746659817.7312016,201579.0,1
1746659817.741641,203975.0,1
1746659817.7526011,205900.0,1
1746659817.7615352,206076.0,1
1746659817.7773468,207043.0,1
1746659817.7822065,207574.0,1
1746659817.7927787,207817.0,1
1746659817.80292,208354.0,1
1746659817.8113105,209373.0,1
1746659817.821425,209502.0,1
1746659817.8310847,210334.0,1
1746659817.842312,210284.0,1
1746659817.8517623,210460.0,1
1746659817.8609328,210152.0,1
1746659817.8738728,210585.0,1
1746659817.8813436,210777.0,1
1746659817.891618,210071.0,1
1746659817.9019895,208685.0,1
1746659817.9126823,207905.0,1
1746659817.9216435,207262.0,1
1746659817.9315512,206409.0,1
1746659817.9412768,205322.0,1
1746659817.9518778,203148.0,1
1746659817.962364,201266.0,1
1746659817.9719646,199561.0,1
1746659817.9815521,198176.0,1
1746659817.9915047,196162.0,1
1746659818.001395,194191.0,1
1746659818.0123305,191307.0,1
1746659818.0217886,189831.0,1
1746659818.0316205,187048.0,1
1746659818.0415404,184837.0,1
1746659818.0516143,182330.0,1
1746659818.061661,179703.0,1
1746659818.0713127,177216.0,1
1746659818.082736,173300.0,1
1746659818.0923102,172547.0,1
1746659818.1015549,169342.0,1
1746659818.113744,165308.0,1
1746659818.1220863,163288.0,1
1746659818.1320615,160874.0,1
1746659818.14246,158189.0,1
1746659818.1532118,155326.0,1
1746659818.161335,152165.0,1
1746659818.1733346,149002.0,1
1746659818.1820207,147004.0,1
1746659818.1926398,143585.0,1
1746659818.2015667,141229.0,1
1746659818.2118375,138116.0,1
1746659818.2225082,134549.0,1
1746659818.2332265,130151.0,1
1746659818.2429368,127953.0,1
1746659818.2524538,125330.0,1
1746659818.2659085,121653.0,1
1746659818.2715528,118772.0,1
1746659818.281681,113962.0,1
1746659818.290851,110727.0,1
1746659818.3019853,105182.0,1
1746659818.3117685,102995.0,1
1746659818.3228347,98584.0,1
1746659818.3316123,95551.0,1
1746659818.3413844,93009.0,1
1746659818.3533778,90185.0,1
1746659818.360732,88536.0,1
1746659818.371015,87038.0,1
1746659818.3809822,84871.0,1
1746659818.3912923,82114.0,1
1746659818.4019215,80628.0,1
1746659818.410792,79697.0,1
1746659818.421601,78749.0,1
1746659818.431686,77635.0,1
1746659818.441156,76665.0,1
1746659818.4514408,75991.0,1
1746659818.4611838,76326.0,1
1746659818.4712355,75874.0,1
1746659818.4822335,75970.0,1
1746659818.4909532,76083.0,1
1746659818.5016942,75889.0,1
1746659818.5127475,76174.0,1
1746659818.5220528,76602.0,1
1746659818.5309725,76989.0,1
1746659818.5412884,78067.0,1
1746659818.5517013,79659.0,1
1746659818.561566,80638.0,1
1746659818.5718622,81889.0,1
1746659818.5814886,83310.0,1
1746659818.590921,85161.0,1
1746659818.6007845,87713.0,1
1746659818.611843,89966.0,1
1746659818.6216357,92708.0,1
1746659818.6310353,94328.0,1
1746659818.6418421,97692.0,1
1746659818.6508577,99677.0,1
1746659818.6619036,102092.0,1
1746659818.6716566,105223.0,1
1746659818.6825461,108608.0,1
1746659818.6916306,112287.0,1
1746659818.70114,116793.0,1
1746659818.712032,119160.0,1
1746659818.7222404,123312.0,1
1746659818.7311294,125454.0,1
1746659818.741449,130384.0,1
1746659818.7520666,134583.0,1
1746659818.7648532,137970.0,1
1746659818.7721589,140561.0,1
1746659818.7814827,143738.0,1
1746659818.7910702,147031.0,1
1746659818.8020356,152243.0,1
1746659818.8113487,155490.0,1
1746659818.821573,158947.0,1
1746659818.8319588,162861.0,1
1746659818.8409526,164669.0,1
1746659818.8525145,169489.0,1
1746659818.861686,172810.0,1
1746659818.8741217,175801.0,1
1746659818.8822513,178684.0,1
1746659818.891434,181415.0,1
1746659818.9009125,185065.0,1
1746659818.9115696,188100.0,1
1746659818.9209442,190487.0,1
1746659818.931545,192520.0,1
1746659818.9420774,195395.0,1
1746659818.9521732,198459.0,1
1746659818.9620416,200828.0,1
1746659818.971601,202404.0,1
1746659818.9813383,204853.0,1
1746659818.9921703,206703.0,1
1746659819.0016143,208446.0,1
1746659819.011895,210752.0,1
1746659819.0212219,213011.0,1
1746659819.0313144,214404.0,1
1746659819.041593,215466.0,1
1746659819.051135,216122.0,1
1746659819.0616722,216965.0,1
1746659819.071018,217906.0,1
1746659819.081237,218882.0,1
1746659819.0924385,219488.0,1
1746659819.1035452,219999.0,1
1746659819.1110709,219935.0,1
1746659819.1210108,219633.0,1
1746659819.1314964,219986.0,1
1746659819.1414464,220047.0,1
1746659819.1551733,219663.0,1
1746659819.1611009,219195.0,1
1746659819.17092,218704.0,1
1746659819.181173,217811.0,1
1746659819.1929362,216609.0,1
1746659819.2018895,215217.0,1
1746659819.2121441,214294.0,1
1746659819.2212095,212871.0,1
1746659819.2312558,211420.0,1
1746659819.2410254,209979.0,1
1746659819.2523386,207579.0,1
1746659819.2650228,206242.0,1
1746659819.2721581,204581.0,1
1746659819.281491,203007.0,1
1746659819.2910147,200603.0,1
1746659819.3013074,198190.0,1
1746659819.312474,194530.0,1
1746659819.3208919,192826.0,1
1746659819.330886,190261.0,1
1746659819.341287,187303.0,1
1746659819.3526912,185239.0,1
1746659819.3627956,182908.0,1
1746659819.3730485,180582.0,1
1746659819.3810368,178576.0,1
1746659819.3913653,175048.0,1
1746659819.4012628,171797.0,1
1746659819.4117436,167591.0,1
1746659819.4220984,164035.0,1
1746659819.4315012,160484.0,1
1746659819.4418068,155968.0,1
1746659819.4514632,150998.0,1
1746659819.4619524,147371.0,1
1746659819.4710822,144869.0,1
1746659819.4815402,140075.0,1
1746659819.4920166,136794.0,1
1746659819.5021112,133173.0,1
1746659819.5134106,128659.0,1
1746659819.52176,126075.0,1
1746659819.531422,121612.0,1
1746659819.5415862,117592.0,1
1746659819.5527565,113702.0,1
1746659819.5615485,111512.0,1
1746659819.5717819,108201.0,1
1746659819.5830824,105040.0,1
1746659819.592454,103240.0,1
1746659819.6016767,100415.0,1
1746659819.6115484,97263.0,1
1746659819.6209657,95829.0,1
1746659819.6325042,93906.0,1
1746659819.6435788,90863.0,1
1746659819.653418,89819.0,1
1746659819.6625967,87554.0,1
1746659819.6734636,86823.0,1
1746659819.6825101,85703.0,1
1746659819.6916785,84028.0,1
1746659819.7009177,83219.0,1
1746659819.7112577,81689.0,1
1746659819.7226784,79669.0,1
1746659819.7315285,78504.0,1
1746659819.7418325,77692.0,1
1746659819.7514453,76617.0,1
1746659819.761917,76191.0,1
1746659819.7730262,76083.0,1
1746659819.7818685,76225.0,1
1746659819.790931,75744.0,1
1746659819.8016844,76026.0,1
1746659819.8110418,76075.0,1
1746659819.8224735,77410.0,1
1746659819.8320312,78271.0,1
1746659819.8427594,79493.0,1
1746659819.8520517,79963.0,1
1746659819.861576,81633.0,1
1746659819.871146,82866.0,1
1746659819.8816862,85624.0,1
1746659819.891689,88864.0,1
1746659819.9019861,92120.0,1
1746659819.9114306,95756.0,1
1746659819.9214983,98610.0,1
1746659819.9319859,100727.0,1
1746659819.940768,104965.0,1
1746659819.9518275,108656.0,1
1746659819.9612472,111827.0,1
1746659819.9711103,113645.0,1
1746659819.9834762,117968.0,1
1746659819.9921203,119542.0,1
1746659820.001677,124116.0,1
1746659820.0118165,127971.0,1
1746659820.0224986,133117.0,1
1746659820.0311785,135227.0,1
1746659820.041749,138500.0,1
1746659820.0536175,142262.0,1
1746659820.0610356,145979.0,1
1746659820.0714376,149884.0,1
1746659820.0812478,153391.0,1
1746659820.0917363,157341.0,1
1746659820.101878,160702.0,1
1746659820.112243,165420.0,1
1746659820.1216633,167872.0,1
1746659820.1326,171946.0,1
1746659820.1421387,174941.0,1
1746659820.1516309,177001.0,1
1746659820.1619487,180004.0,1
1746659820.1735947,182352.0,1
1746659820.1818805,185555.0,1
1746659820.191315,187970.0,1
1746659820.2020874,191356.0,1
1746659820.2116852,194572.0,1
1746659820.2232075,197460.0,1
1746659820.231337,199156.0,1
1746659820.242054,201930.0,1
1746659820.2533197,203679.0,1
1746659820.2667081,205314.0,1
1746659820.274877,206976.0,1
1746659820.2816775,208425.0,1
1746659820.2928884,210318.0,1
1746659820.3020096,211587.0,1
1746659820.3124723,213193.0,1
1746659820.3215544,213648.0,1
1746659820.3322392,214261.0,1
1746659820.3421707,215280.0,1
1746659820.3529322,215927.0,1
1746659820.3645556,216314.0,1
1746659820.3726492,216413.0,1
1746659820.3814526,216788.0,1
1746659820.3922346,216751.0,1
1746659820.4014423,216218.0,1
1746659820.4126782,216162.0,1
1746659820.4211912,216111.0,1
1746659820.4312057,215906.0,1
1746659820.4416404,214681.0,1
1746659820.4518867,214224.0,1
1746659820.4663196,212399.0,1
1746659820.4711747,211868.0,1
1746659820.4819484,210778.0,1
1746659820.492266,208780.0,1
1746659820.5017724,207105.0,1
1746659820.5115013,205504.0,1
1746659820.5220594,203076.0,1
1746659820.5319757,201319.0,1
1746659820.5423803,198845.0,1
1746659820.5536454,196718.0,1
1746659820.5614033,194632.0,1
1746659820.5729253,191995.0,1
1746659820.5845792,189346.0,1
1746659820.5916386,187276.0,1
1746659820.6038113,184755.0,1
1746659820.612356,182680.0,1
1746659820.622588,179683.0,1
1746659820.6318092,177010.0,1
1746659820.6423888,173821.0,1
1746659820.6515474,170416.0,1
1746659820.6612105,166232.0,1
1746659820.6707828,162594.0,1
1746659820.681271,158396.0,1
1746659820.6911106,154170.0,1
1746659820.7008095,151097.0,1
1746659820.7126625,151293.0,1
1746659820.721888,152352.0,1
1746659820.7309864,152375.0,1
1746659820.7421458,151235.0,1
1746659820.7522888,151136.0,1
1746659820.7629232,151025.0,1
1746659820.7716663,151754.0,1
1746659820.7819827,151617.0,1
1746659820.791924,151967.0,1
1746659820.8007903,151871.0,1
1746659820.8119476,151471.0,1
1746659820.8217728,151058.0,1
1746659820.8314943,150679.0,1
1746659820.8419027,150903.0,1
1746659820.8512785,151091.0,1
1746659820.8615632,151131.0,1
1746659820.8715382,150894.0,1
1746659820.8815975,151329.0,1
1746659820.8907518,150930.0,1
1746659820.9010127,150695.0,1
1746659820.9120855,151421.0,1
1746659820.921559,151154.0,1
1746659820.9328237,151281.0,1
1746659820.940811,150722.0,1
1746659820.9515781,150819.0,1
1746659820.9621856,150913.0,1
1746659820.971027,150973.0,1
1746659820.9820917,150713.0,1
1746659820.9907444,150876.0,1
1746659821.0019915,150774.0,1
1746659821.0111113,150418.0,1
1746659821.0211873,150741.0,1
1746659821.0319936,150575.0,1
1746659821.0415156,150692.0,1
1746659821.0513105,150529.0,1
1746659821.0622842,150419.0,1
1746659821.0716786,150579.0,1
1746659821.081916,150511.0,1
1746659821.0916646,150674.0,1
1746659821.1019628,150768.0,1
1746659821.1116376,150671.0,1
1746659821.122425,151028.0,1
1746659821.1321666,151009.0,1
1746659821.1414526,150776.0,1
1746659821.1529016,150986.0,1
1746659821.1612842,150976.0,1
1746659821.1714923,150985.0,1
1746659821.1817555,151317.0,1
1746659821.191706,150784.0,1
1746659821.201948,151476.0,1
1746659821.2117028,151667.0,1
1746659821.222498,151090.0,1
1746659821.2314036,151535.0,1
1746659821.2416253,151530.0,1
1746659821.2509577,151825.0,1
1746659821.2613943,151403.0,1
1746659821.2713163,151425.0,1
1746659821.2947881,151613.0,1
1746659821.3031206,151624.0,1
1746659821.3111594,151284.0,1
1746659821.3211265,151904.0,1
1746659821.3309402,151992.0,1
1746659821.3413174,151785.0,1
1746659821.3511722,152180.0,1
1746659821.3616257,152376.0,1
1746659821.3711865,152767.0,1
1746659821.38244,152555.0,1
1746659821.3917668,152402.0,1
1746659821.4014435,152778.0,1
1746659821.417267,152572.0,1
1746659821.4214551,152481.0,1
1746659821.431036,152610.0,1
1746659821.4409702,152167.0,1
1746659821.4515417,151754.0,1
1746659821.461812,150554.0,1
1746659821.4716654,149786.0,1
1746659821.4827518,148857.0,1
1746659821.4915147,147850.0,1
1746659821.5016649,147163.0,1
1746659821.510793,146232.0,1
1746659821.52079,145379.0,1
1746659821.5316074,143797.0,1
1746659821.542251,142332.0,1
1746659821.5525987,141013.0,1
1746659821.5606158,139130.0,1
1746659821.5713415,138784.0,1
1746659821.5816584,136051.0,1
1746659821.5909114,134751.0,1
1746659821.602755,131991.0,1
1746659821.6114352,129470.0,1
1746659821.6226969,126816.0,1
1746659821.6317258,124457.0,1
1746659821.6421666,121896.0,1
1746659821.6514015,120896.0,1
1746659821.6618178,118308.0,1
1746659821.6712976,116305.0,1
1746659821.681436,114483.0,1
1746659821.6909637,113491.0,1
1746659821.7007847,111747.0,1
1746659821.7136598,109734.0,1
1746659821.720912,108751.0,1
1746659821.7316535,107053.0,1
1746659821.7409816,106249.0,1
1746659821.7527454,105355.0,1
1746659821.761754,104336.0,1
1746659821.7714174,103307.0,1
1746659821.7810242,102738.0,1
1746659821.7929876,100856.0,1
1746659821.8010447,100162.0,1
1746659821.8115482,97840.0,1
1746659821.8206134,96657.0,1
1746659821.8320415,94789.0,1
1746659821.841877,93510.0,1
1746659821.8510647,92610.0,1
1746659821.861504,91064.0,1
1746659821.8720725,89367.0,1
1746659821.8810093,88186.0,1
1746659821.8923478,86886.0,1
1746659821.9018211,85929.0,1
1746659821.9117658,85326.0,1
1746659821.9210355,84793.0,1
1746659821.9315774,84295.0,1
1746659821.9415066,83984.0,1
1746659821.9513357,83430.0,1
1746659821.9624124,83200.0,1
1746659821.970829,83028.0,1
1746659821.9807577,83316.0,1
1746659821.9915338,82720.0,1
1746659822.0036182,82985.0,1
1746659822.0116923,83002.0,1
1746659822.0216622,82915.0,1
1746659822.0310957,83096.0,1
1746659822.0431154,83980.0,1
1746659822.0513973,84000.0,1
1746659822.066778,85000.0,1
1746659822.0716667,84902.0,1
1746659822.0836802,86570.0,1
1746659822.0913756,87359.0,1
1746659822.1010213,89394.0,1
1746659822.112049,91670.0,1
1746659822.1221533,93613.0,1
1746659822.1319542,95982.0,1
1746659822.1420121,98478.0,1
1746659822.152345,100337.0,1
1746659822.1633494,102642.0,1
1746659822.1716459,104961.0,1
1746659822.1818845,107276.0,1
1746659822.1909926,110261.0,1
1746659822.2017498,114273.0,1
1746659822.2120447,117204.0,1
1746659822.222796,120069.0,1
1746659822.2326543,123194.0,1
1746659822.2411647,126369.0,1
1746659822.251828,131063.0,1
1746659822.2612984,134333.0,1
1746659822.2729652,139317.0,1
1746659822.2809913,144402.0,1
1746659822.2913508,149053.0,1
1746659822.3013911,156209.0,1
1746659822.3109,159771.0,1
1746659822.3219004,167021.0,1
1746659822.3306608,172772.0,1
1746659822.3406873,178513.0,1
1746659822.3538852,186641.0,1
1746659822.3632102,188386.0,1
1746659822.3732631,192874.0,1
1746659822.383371,200014.0,1
1746659822.392675,207938.0,1
1746659822.4011173,215204.0,1
1746659822.4130278,221624.0,1
1746659822.422202,226433.0,1
1746659822.4308212,230842.0,1
1746659822.4417303,235609.0,1
1746659822.4516332,239828.0,1
1746659822.4621391,244870.0,1
1746659822.4719598,248133.0,1
1746659822.4817739,250178.0,1
1746659822.490637,253321.0,1
1746659822.5009289,256016.0,1
1746659822.5118816,259872.0,1
1746659822.5212042,261548.0,1
1746659822.5321567,264768.0,1
1746659822.5417495,266149.0,1
1746659822.5516906,268332.0,1
1746659822.5658703,271928.0,1
1746659822.5737915,274099.0,1
1746659822.581665,276758.0,1
1746659822.5913723,279605.0,1
1746659822.6011965,281840.0,1
1746659822.6114123,286574.0,1
1746659822.6209354,288308.0,1
1746659822.6320705,291770.0,1
1746659822.6419122,295643.0,1
1746659822.6510613,299356.0,1
1746659822.6618648,303058.0,1
1746659822.6710942,305066.0,1
1746659822.6819181,308068.0,1
1746659822.6916409,310883.0,1
1746659822.701659,313022.0,1
1746659822.7118287,314814.0,1
1746659822.7219582,316879.0,1
1746659822.7309542,317183.0,1
1746659822.7412949,317667.0,1
1746659822.7526045,318538.0,1
1746659822.7621417,317994.0,1
1746659822.771752,317793.0,1
1746659822.7820337,316450.0,1
1746659822.7913313,314705.0,1
1746659822.8015814,313156.0,1
1746659822.8120506,310346.0,1
1746659822.8226032,307541.0,1
1746659822.830862,306241.0,1
1746659822.8414602,303467.0,1
1746659822.8526459,301522.0,1
1746659822.8608477,299439.0,1
1746659822.871766,297570.0,1
1746659822.881462,296263.0,1
1746659822.8933592,293935.0,1
1746659822.9018338,293058.0,1
1746659822.9106271,291915.0,1
1746659822.9222097,290897.0,1
1746659822.9322042,290364.0,1
1746659822.9415812,289974.0,1
1746659822.952501,288550.0,1
1746659822.9631782,287627.0,1
1746659822.9708257,286871.0,1
1746659822.9808517,285011.0,1
1746659822.9919157,282341.0,1
1746659823.0014887,280502.0,1
1746659823.0118067,278551.0,1
1746659823.0222943,276375.0,1
1746659823.031797,274532.0,1
1746659823.042148,271797.0,1
1746659823.052817,269862.0,1
1746659823.0623648,267179.0,1
1746659823.071147,265591.0,1
1746659823.0811536,262201.0,1
1746659823.0922832,259105.0,1
1746659823.102068,256570.0,1
1746659823.1125736,253127.0,1
1746659823.1213412,250340.0,1
1746659823.131663,245614.0,1
1746659823.1418948,242553.0,1
1746659823.153675,238830.0,1
1746659823.1623278,235069.0,1
1746659823.171223,231602.0,1
1746659823.1805067,226995.0,1
1746659823.1916203,221411.0,1
1746659823.2015882,217114.0,1
1746659823.2117105,213445.0,1
1746659823.2220032,209598.0,1
1746659823.2308462,205983.0,1
1746659823.24164,199671.0,1
1746659823.2525692,194536.0,1
1746659823.262596,188775.0,1
1746659823.272698,182038.0,1
1746659823.281679,173276.0,1
1746659823.2913425,167618.0,1
1746659823.3026454,158282.0,1
1746659823.3115423,151739.0,1
1746659823.3220785,145750.0,1
1746659823.3312848,140303.0,1
1746659823.3417437,133063.0,1
1746659823.3512082,129383.0,1
1746659823.3624792,122317.0,1
1746659823.3722932,116074.0,1
1746659823.3814414,109693.0,1
1746659823.391662,100515.0,1
1746659823.4021223,93054.0,1
1746659823.4118354,84405.0,1
1746659823.4229252,74808.0,1
1746659823.4312491,65345.0,1
1746659823.4418592,51781.0,1
1746659823.4509637,45495.0,1
1746659823.4622748,31655.0,1
1746659823.471691,21660.0,1
1746659823.4824476,11073.0,1
1746659823.4911778,-722.0,1
1746659823.5015252,-1.0,1
1746659823.5112216,-28379.0,1
1746659823.5217483,-52079.0,1
1746659823.531689,-72864.0,1
1746659823.541718,-103900.0,1
1746659823.5531666,-129665.0,1
1746659823.561357,-154584.0,1
1746659823.5708616,-175197.0,1
1746659823.581679,-189094.0,1
1746659823.5911646,-200117.0,1
1746659823.6018348,-210835.0,1
1746659823.6119401,-217996.0,1
1746659823.62173,-227193.0,1
1746659823.6326294,-227884.0,1
1746659823.6420186,-220172.0,1
1746659823.6514864,-219652.0,1
1746659823.6610055,-214379.0,1
1746659823.6717837,-206619.0,1
1746659823.6816409,-203288.0,1
1746659823.6917446,-196630.0,1
1746659823.7017946,-191745.0,1
1746659823.7129111,-187434.0,1
1746659823.722077,-183421.0,1
1746659823.7318861,-181032.0,1
1746659823.7409472,-178943.0,1
1746659823.7512882,-178266.0,1
1746659823.7609348,-178967.0,1
1746659823.7726264,-180324.0,1
1746659823.7812862,-183735.0,1
1746659823.7927608,-188469.0,1
1746659823.800842,-192740.0,1
1746659823.8115225,-197960.0,1
1746659823.8226366,-200119.0,1
1746659823.83271,-200512.0,1
1746659823.8417504,-200525.0,1
1746659823.852227,-200304.0,1
1746659823.8617063,-199336.0,1
1746659823.871879,-198706.0,1
1746659823.8819637,-197219.0,1
1746659823.8913445,-195831.0,1
1746659823.9018633,-197723.0,1
1746659823.9117596,-200398.0,1
1746659823.9216523,-202600.0,1
1746659823.9314377,-205578.0,1
1746659823.9417048,-207715.0,1
1746659823.9574766,-208920.0,1
1746659823.9613855,-209467.0,1
1746659823.9721417,-209507.0,1
1746659823.9823177,-210413.0,1
1746659823.9917085,-211691.0,1
1746659824.0005562,-212175.0,1
1746659824.011008,-215889.0,1
1746659824.022196,-214581.0,1
1746659824.031849,-211606.0,1
1746659824.0414977,-209191.0,1
1746659824.0526333,-205852.0,1
1746659824.0626583,-202939.0,1
1746659824.071344,-200292.0,1
1746659824.0826845,-197596.0,1
1746659824.0915143,-196015.0,1
1746659824.101804,-194658.0,1
1746659824.1113486,-193437.0,1
1746659824.121256,-192696.0,1
1746659824.1313777,-191835.0,1
1746659824.1417904,-191803.0,1
1746659824.152335,-192856.0,1
1746659824.1619968,-193180.0,1
1746659824.1712449,-193495.0,1
1746659824.1812081,-192977.0,1
1746659824.191508,-191171.0,1
1746659824.2017195,-189124.0,1
1746659824.2123594,-189644.0,1
1746659824.2216222,-190395.0,1
1746659824.234552,-189910.0,1
1746659824.241769,-190371.0,1
1746659824.2513368,-189465.0,1
1746659824.2614155,-188629.0,1
1746659824.2715218,-189154.0,1
1746659824.281783,-186070.0,1
1746659824.2912128,-186086.0,1
1746659824.3015578,-184206.0,1
1746659824.3111322,-184095.0,1
1746659824.3220098,-184597.0,1
1746659824.330792,-186887.0,1
1746659824.3419895,-181147.0,1
1746659824.3520837,-180296.0,1
1746659824.3615632,-180175.0,1
1746659824.3716216,-181780.0,1
1746659824.3811367,-181161.0,1
1746659824.391177,-182400.0,1
1746659824.4028096,-181464.0,1
1746659824.4116654,-182429.0,1
1746659824.422456,-178231.0,1
1746659824.4310853,-187783.0,1
1746659824.4409602,-197884.0,1
1746659824.4525783,-215214.0,1
1746659824.4625525,-188601.0,1
1746659824.471534,-177646.0,1
1746659824.4822254,-196284.0,1
1746659824.4909346,-201526.0,1
1746659824.5015101,-207752.0,1
1746659824.5116808,-210597.0,1
1746659824.5216959,-215376.0,1
1746659824.5314653,-220758.0,1
1746659824.5419006,-224763.0,1
1746659824.5515375,-228361.0,1
1746659824.5618746,-236177.0,1
1746659824.5722685,-243024.0,1
1746659824.5814395,-249303.0,1
1746659824.5917258,-259207.0,1
1746659824.6031816,-265958.0,1
1746659824.6115496,-272339.0,1
1746659824.6229155,-279760.0,1
1746659824.6316583,-286083.0,1
1746659824.641397,-294591.0,1
1746659824.6514747,-298069.0,1
1746659824.6609342,-304767.0,1
1746659824.6707664,-309400.0,1
1746659824.6819131,-317268.0,1
1746659824.6917884,-321193.0,1
1746659824.7018397,-327716.0,1
1746659824.7114797,-336479.0,1
1746659824.7222505,-348480.0,1
1746659824.7312486,-361453.0,1
1746659824.7419553,-378865.0,1
1746659824.7513716,-388337.0,1
1746659824.761523,-406751.0,1
1746659824.77226,-421626.0,1
1746659824.7815816,-434614.0,1
1746659824.7920444,-441127.0,1
1746659824.8020248,-446414.0,1
1746659824.8114796,-446827.0,1
1746659824.8232014,-448130.0,1
1746659824.8310692,-448533.0,1
1746659824.8420365,-449129.0,1
1746659824.851457,-449303.0,1
1746659824.861554,-446977.0,1
1746659824.8723192,-444884.0,1
1746659824.8806138,-441585.0,1
1746659824.8911262,-436738.0,1
1746659824.9017868,-428060.0,1
1746659824.911732,-422547.0,1
1746659824.9219897,-422358.0,1
1746659824.9316764,-422537.0,1
1746659824.9419484,-415731.0,1
1746659824.9520323,-403464.0,1
1746659824.963081,-386661.0,1
1746659824.9717896,-370968.0,1
1746659824.9809225,-360228.0,1
1746659824.9928343,-333983.0,1
1746659825.0007749,-324097.0,1
1746659825.0114503,-308323.0,1
1746659825.0217621,-304242.0,1
1746659825.031574,-296969.0,1
1746659825.0410345,-288374.0,1
1746659825.051354,-280949.0,1
1746659825.0620255,-270617.0,1
1746659825.073455,-263406.0,1
1746659825.0822866,-256167.0,1
1746659825.091365,-248482.0,1
1746659825.1008422,-238823.0,1
1746659825.111851,-223609.0,1
1746659825.1221502,-212388.0,1
1746659825.1322315,-202379.0,1
1746659825.1408494,-191350.0,1
1746659825.1515927,-181533.0,1
1746659825.1618502,-170597.0,1
1746659825.171182,-166027.0,1
1746659825.1824114,-154395.0,1
1746659825.191487,-145082.0,1
1746659825.201952,-133210.0,1
1746659825.2107935,-126912.0,1
1746659825.2236464,-114884.0,1
1746659825.231686,-105611.0,1
1746659825.2441788,-97262.0,1
1746659825.251196,-88383.0,1
1746659825.2617488,-74581.0,1
1746659825.272847,-65294.0,1
1746659825.2816334,-55585.0,1
1746659825.2928925,-45674.0,1
1746659825.301747,-33122.0,1
1746659825.3115191,-23633.0,1
1746659825.321176,-17113.0,1
1746659825.3325233,-4561.0,1
1746659825.3434396,5004.0,1
1746659825.351655,14101.0,1
1746659825.3616927,26307.0,1
1746659825.3720136,34350.0,1
1746659825.3825111,43529.0,1
1746659825.391722,51080.0,1
1746659825.400602,58019.0,1
1746659825.4116719,65769.0,1
1746659825.4221401,70998.0,1
1746659825.4314811,76451.0,1
1746659825.4416904,82008.0,1
1746659825.4522417,86421.0,1
1746659825.4614835,92110.0,1
1746659825.4712565,96729.0,1
1746659825.482016,102759.0,1
1746659825.49139,107992.0,1
1746659825.5030122,112921.0,1
1746659825.5111582,118994.0,1
1746659825.5211287,125137.0,1
1746659825.531855,135055.0,1
1746659825.5415711,141600.0,1
1746659825.552704,146765.0,1
1746659825.562701,151662.0,1
1746659825.5745354,156598.0,1
1746659825.5819964,159515.0,1
1746659825.5918984,163520.0,1
1746659825.6015527,166515.0,1
1746659825.61179,172059.0,1
1746659825.6219656,175770.0,1
1746659825.6311429,178556.0,1
1746659825.6416829,183880.0,1
1746659825.6523306,187735.0,1
1746659825.660807,191852.0,1
1746659825.6713452,194443.0,1
1746659825.681885,197761.0,1
1746659825.6908846,199797.0,1
1746659825.7014754,203173.0,1
1746659825.7109468,207124.0,1
1746659825.7221067,211726.0,1
1746659825.731446,215139.0,1
1746659825.74261,218878.0,1
1746659825.751624,222163.0,1
1746659825.767424,225952.0,1
1746659825.7722442,227088.0,1
1746659825.781962,228542.0,1
1746659825.7913668,229364.0,1
1746659825.8015602,229215.0,1
1746659825.8118834,228794.0,1
1746659825.8208516,228855.0,1
1746659825.8318896,229951.0,1
1746659825.8419683,231526.0,1
1746659825.851639,232266.0,1
1746659825.8615692,235086.0,1
1746659825.8716881,236802.0,1
1746659825.8814373,238476.0,1
1746659825.8914108,241117.0,1
1746659825.9019387,244085.0,1
1746659825.9128122,246412.0,1
1746659825.9210982,247419.0,1
1746659825.9305086,250558.0,1
1746659825.9418018,254602.0,1
1746659825.9524038,256755.0,1
1746659825.9615743,257610.0,1
1746659825.9712248,260081.0,1
1746659825.982099,262581.0,1
1746659825.9909534,263311.0,1
1746659826.0016572,263835.0,1
1746659826.0116498,264960.0,1
1746659826.0237222,265763.0,1
1746659826.0311062,266650.0,1
1746659826.0415275,268192.0,1
1746659826.0532963,268749.0,1
1746659826.061227,269378.0,1
1746659826.0715363,269336.0,1
1746659826.081685,270406.0,1
1746659826.0916247,269180.0,1
1746659826.100836,268048.0,1
1746659826.1120713,265624.0,1
1746659826.1217303,263411.0,1
1746659826.13083,262156.0,1
1746659826.1413898,259752.0,1
1746659826.1512036,258990.0,1
1746659826.1617904,258202.0,1
1746659826.1715915,256312.0,1
1746659826.1813416,254766.0,1
1746659826.1915858,253378.0,1
1746659826.2021525,251399.0,1
1746659826.2114916,250194.0,1
1746659826.2219145,248711.0,1
1746659826.2310395,247310.0,1
1746659826.241323,246207.0,1
1746659826.2518032,245358.0,1
1746659826.2734,244936.0,1
1746659826.281908,244503.0,1
1746659826.2914143,243745.0,1
1746659826.3010063,244109.0,1
1746659826.3132856,242880.0,1
1746659826.3217502,226685.0,1
1746659826.331535,245838.0,1
1746659826.3409839,246725.0,1
1746659826.351096,246906.0,1
1746659826.3608804,244813.0,1
1746659826.3715065,244787.0,1
1746659826.3817043,242814.0,1
1746659826.3908827,208549.0,1
1746659826.4011512,235442.0,1
1746659826.4118836,247584.0,1
1746659826.422197,244077.0,1
1746659826.4314995,245372.0,1
1746659826.441709,245134.0,1
1746659826.4519014,244723.0,1
1746659826.4613066,244801.0,1
1746659826.4709136,243784.0,1
1746659826.4850755,245168.0,1
1746659826.4912531,246163.0,1
1746659826.5015597,246183.0,1
1746659826.5114558,248187.0,1
1746659826.5223572,248769.0,1
1746659826.5357673,249770.0,1
1746659826.541378,249696.0,1
1746659826.5513077,245798.0,1
1746659826.5617359,249855.0,1
1746659826.5708675,243698.0,1
1746659826.581828,249456.0,1
1746659826.5916266,243205.0,1
1746659826.601173,244474.0,1
1746659826.6108696,244767.0,1
1746659826.622206,242106.0,1
1746659826.6318295,242475.0,1
1746659826.6415436,241585.0,1
1746659826.6532667,240381.0,1
1746659826.6612704,240949.0,1
1746659826.6718616,239721.0,1
1746659826.6812816,239685.0,1
1746659826.6917334,238271.0,1
1746659826.7024555,236441.0,1
1746659826.711391,237061.0,1
1746659826.7209563,235862.0,1
1746659826.7315252,234454.0,1
1746659826.7416704,234627.0,1
1746659826.753133,232447.0,1
1746659826.7617064,229338.0,1
1746659826.772647,227533.0,1
1746659826.781166,226869.0,1
1746659826.7920315,224857.0,1
1746659826.8006492,223050.0,1
1746659826.8119156,221924.0,1
1746659826.821691,220497.0,1
1746659826.833706,220062.0,1
1746659826.843658,219073.0,1
1746659826.8524342,217694.0,1
1746659826.8611574,216931.0,1
1746659826.8714883,215042.0,1
1746659826.8813474,212535.0,1
1746659826.8914156,211433.0,1
1746659826.9017153,208302.0,1
1746659826.911113,208393.0,1
1746659826.9219387,208053.0,1
1746659826.9309397,208101.0,1
1746659826.9414368,207993.0,1
1746659826.952333,206106.0,1
1746659826.9635546,211929.0,1
1746659826.9710379,208858.0,1
1746659826.9836364,212670.0,1
1746659826.9914134,215211.0,1
1746659827.0015972,213622.0,1
1746659827.0122874,211080.0,1
1746659827.022182,214473.0,1
1746659827.0339994,212558.0,1
1746659827.0416684,211531.0,1
1746659827.051035,211358.0,1
1746659827.0617492,213128.0,1
1746659827.0717971,211783.0,1
1746659827.0810254,213219.0,1
1746659827.091786,214751.0,1
1746659827.1015692,214698.0,1
1746659827.110695,214387.0,1
1746659827.1210425,213330.0,1
1746659827.131124,213045.0,1
1746659827.1420617,211005.0,1
1746659827.15283,209450.0,1
1746659827.1617963,207485.0,1
1746659827.1722102,205224.0,1
